Toxic parent tweets,Toxic replies,Toxic Level
0.0,0.0,0
67.0,13.0,2
28.0,45.0,2
47.0,49.0,2
97.0,7.0,3
0.0,0.0,0
0.0,0.0,0
54.0,0.0,2
1.0,0.0,1
2.0,0.0,1
0.0,0.0,0
0.0,0.0,0
0.0,0.0,0
223.0,8.0,4
0.0,0.0,0
0.0,0.0,0
17.0,0.0,1
58.0,10.0,2
55.0,13.0,2
47.0,9.0,2
55.0,16.0,2
47.0,15.0,2
97.0,10.0,3
17.0,1.0,1
142.0,0.0,3
57.0,3.0,2
49.0,1.0,2
35.0,0.0,1
42.0,4.0,1
94.0,6.0,3
0.0,0.0,0
2.0,0.0,1
0.0,2.0,1
1.0,5.0,1
47.0,1.0,1
0.0,0.0,0
0.0,0.0,0
0.0,0.0,0
3.0,0.0,1
0.0,0.0,0
0.0,0.0,0
0.0,0.0,0
0.0,0.0,0
1.0,0.0,1
0.0,0.0,0
98.0,0.0,2
0.0,0.0,0
0.0,0.0,0
5.0,0.0,1
0.0,0.0,0
0.0,0.0,0
16.0,34.0,2
12.0,0.0,1
0.0,0.0,0
6.0,1.0,1
8.0,0.0,1
17.0,0.0,1
17.0,0.0,1
0.0,0.0,0
5.0,0.0,1
43.0,0.0,1
0.0,0.0,0
7.0,0.0,1
0.0,0.0,0
0.0,0.0,0
23.0,21.0,1
0.0,0.0,0
0.0,0.0,0
0.0,0.0,0
0.0,0.0,0
1.0,0.0,1
0.0,0.0,0
0.0,0.0,0
4.0,5.0,1
11.0,9.0,1
0.0,0.0,0
0.0,0.0,0
152.0,0.0,4
0.0,0.0,0
0.0,0.0,0
49.0,59.0,3
0.0,0.0,0
104.0,13.0,3
17.0,0.0,1
12.0,1.0,1
12.0,1.0,1
0.0,0.0,0
0.0,0.0,0
0.0,0.0,0
0.0,0.0,0
28.0,0.0,1
46.0,11.0,2
32.0,0.0,1
1.0,0.0,1
0.0,0.0,0
0.0,0.0,0
0.0,0.0,0
4.0,1.0,1
32.0,0.0,1
5.0,1.0,1
0.0,0.0,0
12.0,0.0,1
0.0,0.0,0
0.0,0.0,0
0.0,0.0,0
0.0,0.0,0
0.0,0.0,0
121.0,0.0,3
0.0,0.0,0
0.0,0.0,0
0.0,0.0,0
0.0,0.0,0
0.0,0.0,0
0.0,0.0,0
0.0,0.0,0
0.0,0.0,0
0.0,0.0,0
7.0,26.0,1
3.0,8.0,1
0.0,0.0,0
0.0,0.0,0
0.0,0.0,0
0.0,0.0,0
0.0,0.0,0
5.0,0.0,1
38.0,0.0,1
2.0,1.0,1
1.0,0.0,1
14.0,33.0,1
21.0,64.0,2
23.0,64.0,2
0.0,0.0,0
20.0,0.0,1
1.0,0.0,1
0.0,0.0,0
0.0,0.0,0
0.0,0.0,0
0.0,0.0,0
30.0,0.0,1
44.0,0.0,1
0.0,0.0,0
0.0,0.0,0
0.0,0.0,0
0.0,0.0,0
804.0,0.0,4
0.0,0.0,0
0.0,0.0,0
45.0,0.0,1
0.0,0.0,0
0.0,0.0,0
11.0,13.0,1
19.0,31.0,2
0.0,0.0,0
61.0,0.0,2
217.0,0.0,4
0.0,0.0,0
0.0,0.0,0
4.0,0.0,1
0.0,0.0,0
0.0,0.0,0
3.0,0.0,1
1.0,0.0,1
0.0,0.0,0
5.0,0.0,1
14.0,0.0,1
0.0,0.0,0
0.0,0.0,0
4.0,0.0,1
2.0,0.0,1
30.0,0.0,1
9.0,1.0,1
0.0,1.0,1
0.0,0.0,0
0.0,0.0,0
139.0,2.0,3
0.0,6.0,1
2.0,9.0,1
0.0,0.0,0
0.0,17.0,1
0.0,13.0,1
0.0,17.0,1
0.0,0.0,0
2.0,16.0,1
0.0,0.0,0
0.0,0.0,0
1.0,0.0,1
15.0,1.0,1
0.0,0.0,0
43.0,0.0,1
19.0,0.0,1
12.0,1.0,1
1.0,38.0,1
0.0,0.0,0
0.0,0.0,0
0.0,0.0,0
0.0,0.0,0
1.0,0.0,1
2.0,0.0,1
0.0,0.0,0
0.0,15.0,1
1.0,34.0,1
1.0,51.0,2
0.0,2.0,1
1.0,1.0,1
1.0,0.0,1
0.0,0.0,0
0.0,0.0,0
1.0,0.0,1
1.0,0.0,1
0.0,0.0,0
0.0,0.0,0
0.0,0.0,0
0.0,0.0,0
0.0,0.0,0
0.0,0.0,0
0.0,0.0,0
0.0,0.0,0
4.0,0.0,1
0.0,0.0,0
0.0,0.0,0
3.0,81.0,2
0.0,0.0,0
2.0,47.0,1
6.0,81.0,2
0.0,0.0,0
0.0,0.0,0
0.0,0.0,0
0.0,0.0,0
13.0,0.0,1
0.0,0.0,0
0.0,0.0,0
0.0,0.0,0
0.0,0.0,0
0.0,2.0,1
0.0,0.0,0
0.0,0.0,0
0.0,0.0,0
0.0,0.0,0
3.0,0.0,1
0.0,5.0,1
0.0,0.0,0
105.0,4.0,3
0.0,0.0,0
0.0,0.0,0
0.0,0.0,0
0.0,0.0,0
4.0,0.0,1
32.0,0.0,1
0.0,0.0,0
0.0,0.0,0
0.0,49.0,1
0.0,0.0,0
237.0,0.0,4
0.0,0.0,0
0.0,0.0,0
0.0,0.0,0
10.0,0.0,1
31.0,2.0,1
0.0,0.0,0
0.0,0.0,0
12.0,0.0,1
8.0,0.0,1
5.0,3.0,1
0.0,0.0,0
3.0,0.0,1
0.0,0.0,0
11.0,2.0,1
82.0,39.0,3
102.0,0.0,3
244.0,0.0,4
0.0,0.0,0
0.0,0.0,0
0.0,0.0,0
0.0,0.0,0
0.0,0.0,0
0.0,0.0,0
1.0,0.0,1
16.0,4.0,1
0.0,0.0,0
0.0,0.0,0
0.0,0.0,0
1.0,0.0,1
67.0,0.0,2
0.0,0.0,0
206.0,5.0,4
0.0,0.0,0
0.0,0.0,0
2.0,0.0,1
0.0,0.0,0
128.0,0.0,3
96.0,1.0,2
0.0,0.0,0
40.0,2.0,1
65.0,1.0,2
0.0,0.0,0
0.0,0.0,0
2.0,0.0,1
2.0,0.0,1
3.0,0.0,1
4.0,1.0,1
0.0,0.0,0
1.0,0.0,1
0.0,0.0,0
0.0,0.0,0
29.0,8.0,1
20.0,76.0,2
0.0,0.0,0
0.0,0.0,0
1.0,0.0,1
0.0,0.0,0
9.0,0.0,1
23.0,1.0,1
216.0,9.0,4
7.0,0.0,1
1.0,0.0,1
0.0,4.0,1
0.0,0.0,0
0.0,0.0,0
13.0,0.0,1
0.0,0.0,0
0.0,0.0,0
0.0,0.0,0
0.0,1.0,1
0.0,0.0,0
3.0,3.0,1
1.0,0.0,1
1.0,0.0,1
0.0,0.0,0
1.0,0.0,1
1.0,0.0,1
0.0,0.0,0
0.0,0.0,0
0.0,20.0,1
0.0,40.0,1
0.0,11.0,1
0.0,80.0,2
145.0,170.0,4
0.0,0.0,0
106.0,0.0,3
37.0,15.0,2
0.0,0.0,0
0.0,0.0,0
0.0,0.0,0
0.0,0.0,0
0.0,0.0,0
0.0,0.0,0
0.0,0.0,0
0.0,0.0,0
0.0,0.0,0
0.0,0.0,0
0.0,0.0,0
28.0,1.0,1
0.0,0.0,0
1.0,2.0,1
3.0,11.0,1
0.0,0.0,0
0.0,0.0,0
0.0,0.0,0
11.0,0.0,1
0.0,0.0,0
1.0,0.0,1
0.0,0.0,0
5.0,0.0,1
115.0,28.0,3
115.0,18.0,3
182.0,41.0,4
0.0,0.0,0
2.0,0.0,1
5.0,0.0,1
87.0,46.0,3
104.0,101.0,4
0.0,0.0,0
57.0,1.0,2
45.0,0.0,1
96.0,3.0,2
0.0,0.0,0
0.0,0.0,0
3.0,0.0,1
6.0,0.0,1
0.0,0.0,0
0.0,0.0,0
0.0,0.0,0
0.0,0.0,0
65.0,0.0,2
0.0,0.0,0
0.0,12.0,1
1.0,2.0,1
8.0,0.0,1
0.0,0.0,0
4.0,0.0,1
1.0,0.0,1
0.0,0.0,0
0.0,0.0,0
0.0,0.0,0
1.0,0.0,1
0.0,0.0,0
10.0,0.0,1
37.0,0.0,1
0.0,0.0,0
0.0,0.0,0
0.0,0.0,0
1.0,0.0,1
0.0,0.0,0
0.0,0.0,0
0.0,0.0,0
0.0,0.0,0
0.0,0.0,0
0.0,0.0,0
0.0,0.0,0
0.0,0.0,0
5.0,12.0,1
62.0,4.0,2
4.0,37.0,1
29.0,3.0,1
16.0,3.0,1
50.0,6.0,2
5.0,0.0,1
0.0,0.0,0
0.0,0.0,0
0.0,0.0,0
0.0,0.0,0
84.0,64.0,3
2.0,0.0,1
0.0,0.0,0
0.0,0.0,0
0.0,0.0,0
4.0,0.0,1
0.0,0.0,0
6.0,0.0,1
0.0,4.0,1
66.0,0.0,2
1.0,2.0,1
177.0,18.0,4
121.0,9.0,3
0.0,0.0,0
2.0,0.0,1
0.0,0.0,0
0.0,0.0,0
0.0,0.0,0
0.0,0.0,0
63.0,0.0,2
0.0,0.0,0
0.0,0.0,0
288.0,11.0,4
288.0,24.0,4
0.0,0.0,0
0.0,0.0,0
0.0,0.0,0
0.0,0.0,0
0.0,0.0,0
0.0,0.0,0
99.0,20.0,3
0.0,0.0,0
0.0,0.0,0
0.0,0.0,0
0.0,0.0,0
0.0,0.0,0
1.0,0.0,1
0.0,0.0,0
1.0,0.0,1
1.0,0.0,1
0.0,0.0,0
0.0,0.0,0
16.0,7.0,1
21.0,0.0,1
69.0,0.0,2
11.0,0.0,1
19.0,1.0,1
66.0,3.0,2
0.0,0.0,0
0.0,0.0,0
0.0,0.0,0
0.0,0.0,0
0.0,0.0,0
0.0,0.0,0
0.0,0.0,0
28.0,0.0,1
12.0,0.0,1
15.0,0.0,1
45.0,0.0,1
0.0,0.0,0
0.0,0.0,0
0.0,0.0,0
0.0,0.0,0
1.0,0.0,1
63.0,0.0,2
0.0,0.0,0
0.0,0.0,0
0.0,0.0,0
0.0,0.0,0
0.0,0.0,0
12.0,1.0,1
0.0,0.0,0
76.0,0.0,2
0.0,0.0,0
48.0,23.0,2
0.0,0.0,0
30.0,0.0,1
0.0,0.0,0
16.0,2.0,1
7.0,0.0,1
48.0,0.0,1
14.0,0.0,1
1.0,0.0,1
4.0,0.0,1
11.0,6.0,1
20.0,12.0,1
33.0,0.0,1
9.0,0.0,1
98.0,0.0,2
178.0,0.0,4
1.0,0.0,1
45.0,0.0,1
96.0,1.0,2
0.0,0.0,0
0.0,0.0,0
0.0,0.0,0
0.0,0.0,0
0.0,0.0,0
0.0,0.0,0
0.0,0.0,0
0.0,17.0,1
0.0,2.0,1
83.0,9.0,2
0.0,0.0,0
54.0,0.0,2
103.0,0.0,3
2.0,0.0,1
0.0,0.0,0
1.0,0.0,1
0.0,0.0,0
55.0,5.0,2
1.0,0.0,1
0.0,0.0,0
0.0,0.0,0
0.0,0.0,0
1.0,0.0,1
0.0,0.0,0
0.0,0.0,0
108.0,6.0,3
0.0,0.0,0
19.0,0.0,1
19.0,1.0,1
0.0,0.0,0
3.0,0.0,1
1.0,0.0,1
16.0,0.0,1
0.0,0.0,0
0.0,0.0,0
0.0,0.0,0
0.0,0.0,0
48.0,23.0,2
91.0,82.0,4
0.0,0.0,0
0.0,0.0,0
0.0,0.0,0
0.0,0.0,0
438.0,0.0,4
0.0,0.0,0
0.0,0.0,0
268.0,9.0,4
151.0,10.0,4
0.0,0.0,0
5.0,1.0,1
0.0,0.0,0
10.0,4.0,1
3.0,2.0,1
6.0,1.0,1
16.0,4.0,1
0.0,0.0,0
195.0,10.0,4
0.0,0.0,0
0.0,0.0,0
0.0,0.0,0
0.0,0.0,0
0.0,0.0,0
2.0,0.0,1
0.0,0.0,0
0.0,0.0,0
3.0,0.0,1
145.0,32.0,4
0.0,0.0,0
0.0,0.0,0
0.0,0.0,0
0.0,0.0,0
0.0,0.0,0
0.0,0.0,0
0.0,0.0,0
0.0,0.0,0
1.0,0.0,1
16.0,0.0,1
6.0,0.0,1
25.0,0.0,1
0.0,0.0,0
0.0,0.0,0
0.0,0.0,0
76.0,0.0,2
0.0,0.0,0
0.0,0.0,0
0.0,0.0,0
4.0,0.0,1
80.0,7.0,2
244.0,30.0,4
34.0,0.0,1
43.0,2.0,1
2.0,0.0,1
0.0,0.0,0
1.0,0.0,1
5.0,0.0,1
90.0,0.0,2
113.0,0.0,3
0.0,0.0,0
0.0,0.0,0
0.0,0.0,0
42.0,0.0,1
65.0,0.0,2
14.0,1.0,1
0.0,0.0,0
0.0,0.0,0
6.0,0.0,1
0.0,0.0,0
0.0,0.0,0
35.0,16.0,2
0.0,0.0,0
0.0,0.0,0
0.0,0.0,0
0.0,0.0,0
25.0,0.0,1
3.0,0.0,1
0.0,0.0,0
0.0,0.0,0
18.0,0.0,1
9.0,0.0,1
9.0,1.0,1
0.0,0.0,0
4.0,0.0,1
3.0,0.0,1
161.0,0.0,4
6.0,0.0,1
94.0,1.0,2
0.0,0.0,0
0.0,0.0,0
1.0,0.0,1
1.0,0.0,1
2.0,0.0,1
9.0,1.0,1
0.0,0.0,0
103.0,3.0,3
0.0,0.0,0
0.0,0.0,0
0.0,0.0,0
70.0,1.0,2
8.0,0.0,1
14.0,0.0,1
0.0,0.0,0
7.0,0.0,1
16.0,1.0,1
0.0,0.0,0
1.0,0.0,1
0.0,0.0,0
0.0,0.0,0
5.0,3.0,1
0.0,0.0,0
0.0,0.0,0
0.0,0.0,0
0.0,0.0,0
0.0,2.0,1
11.0,1.0,1
0.0,0.0,0
0.0,0.0,0
0.0,0.0,0
6.0,2.0,1
64.0,0.0,2
35.0,0.0,1
53.0,0.0,2
48.0,0.0,1
0.0,0.0,0
2.0,0.0,1
1.0,0.0,1
1.0,0.0,1
2.0,0.0,1
1.0,0.0,1
0.0,0.0,0
1.0,0.0,1
2.0,0.0,1
0.0,0.0,0
2.0,1.0,1
0.0,0.0,0
0.0,0.0,0
2.0,0.0,1
0.0,0.0,0
0.0,0.0,0
0.0,0.0,0
0.0,0.0,0
0.0,0.0,0
0.0,0.0,0
5.0,0.0,1
0.0,0.0,0
0.0,0.0,0
0.0,1.0,1
0.0,0.0,0
0.0,0.0,0
0.0,0.0,0
0.0,0.0,0
1.0,0.0,1
9.0,0.0,1
0.0,0.0,0
0.0,0.0,0
16.0,0.0,1
21.0,0.0,1
0.0,0.0,0
5.0,2.0,1
0.0,0.0,0
3.0,0.0,1
2.0,0.0,1
0.0,0.0,0
0.0,0.0,0
0.0,0.0,0
0.0,0.0,0
0.0,0.0,0
0.0,0.0,0
84.0,3.0,2
0.0,0.0,0
2.0,0.0,1
18.0,56.0,2
0.0,0.0,0
0.0,0.0,0
1.0,0.0,1
0.0,0.0,0
0.0,0.0,0
0.0,0.0,0
8.0,1.0,1
79.0,0.0,2
122.0,0.0,3
1.0,0.0,1
0.0,1.0,1
0.0,0.0,0
0.0,0.0,0
0.0,0.0,0
0.0,0.0,0
0.0,0.0,0
0.0,0.0,0
0.0,0.0,0
0.0,0.0,0
0.0,0.0,0
0.0,0.0,0
48.0,7.0,2
130.0,4.0,3
26.0,0.0,1
1.0,0.0,1
2.0,0.0,1
6.0,0.0,1
1.0,0.0,1
0.0,3.0,1
7.0,1.0,1
0.0,0.0,0
0.0,0.0,0
0.0,0.0,0
0.0,0.0,0
0.0,0.0,0
0.0,0.0,0
0.0,0.0,0
0.0,0.0,0
1.0,0.0,1
5.0,0.0,1
0.0,0.0,0
20.0,0.0,1
54.0,2.0,2
0.0,0.0,0
0.0,0.0,0
1.0,0.0,1
20.0,2.0,1
11.0,0.0,1
0.0,0.0,0
0.0,0.0,0
31.0,0.0,1
0.0,0.0,0
0.0,0.0,0
3.0,1.0,1
26.0,0.0,1
0.0,0.0,0
0.0,0.0,0
32.0,2.0,1
0.0,0.0,0
1.0,0.0,1
0.0,0.0,0
1.0,0.0,1
0.0,0.0,0
1.0,0.0,1
94.0,0.0,2
8.0,0.0,1
25.0,0.0,1
0.0,0.0,0
0.0,0.0,0
0.0,0.0,0
0.0,0.0,0
0.0,0.0,0
0.0,0.0,0
5.0,0.0,1
58.0,14.0,2
2.0,0.0,1
5.0,0.0,1
10.0,0.0,1
0.0,0.0,0
0.0,0.0,0
0.0,0.0,0
1.0,0.0,1
284.0,18.0,4
289.0,37.0,4
286.0,38.0,4
243.0,13.0,4
208.0,26.0,4
460.0,34.0,4
1.0,0.0,1
0.0,0.0,0
0.0,0.0,0
1.0,0.0,1
76.0,0.0,2
0.0,2.0,1
39.0,0.0,1
8.0,0.0,1
0.0,0.0,0
1.0,0.0,1
0.0,0.0,0
0.0,0.0,0
0.0,0.0,0
0.0,0.0,0
0.0,0.0,0
0.0,0.0,0
0.0,0.0,0
3.0,0.0,1
0.0,0.0,0
0.0,0.0,0
0.0,0.0,0
0.0,0.0,0
0.0,0.0,0
0.0,0.0,0
0.0,0.0,0
31.0,5.0,1
0.0,0.0,0
0.0,0.0,0
0.0,0.0,0
0.0,0.0,0
0.0,0.0,0
0.0,0.0,0
0.0,0.0,0
1.0,0.0,1
0.0,0.0,0
0.0,0.0,0
0.0,0.0,0
3.0,0.0,1
0.0,0.0,0
0.0,0.0,0
0.0,0.0,0
0.0,0.0,0
0.0,0.0,0
0.0,0.0,0
0.0,0.0,0
0.0,0.0,0
4.0,0.0,1
11.0,3.0,1
0.0,0.0,0
0.0,0.0,0
0.0,0.0,0
0.0,0.0,0
0.0,0.0,0
0.0,0.0,0
0.0,0.0,0
0.0,0.0,0
0.0,0.0,0
12.0,0.0,1
9.0,1.0,1
232.0,46.0,4
9.0,0.0,1
6.0,0.0,1
1.0,0.0,1
0.0,0.0,0
0.0,0.0,0
0.0,0.0,0
0.0,0.0,0
0.0,0.0,0
1.0,0.0,1
0.0,0.0,0
103.0,6.0,3
1.0,0.0,1
1.0,0.0,1
0.0,0.0,0
0.0,0.0,0
0.0,0.0,0
70.0,0.0,2
0.0,0.0,0
0.0,0.0,0
102.0,0.0,3
0.0,0.0,0
0.0,0.0,0
139.0,0.0,3
68.0,0.0,2
7.0,0.0,1
4.0,0.0,1
11.0,0.0,1
0.0,0.0,0
0.0,0.0,0
0.0,0.0,0
0.0,0.0,0
0.0,0.0,0
0.0,0.0,0
0.0,0.0,0
1.0,0.0,1
0.0,0.0,0
0.0,0.0,0
0.0,0.0,0
1.0,0.0,1
1.0,0.0,1
0.0,0.0,0
54.0,0.0,2
129.0,0.0,3
213.0,0.0,4
40.0,0.0,1
0.0,0.0,0
0.0,0.0,0
0.0,0.0,0
7.0,5.0,1
0.0,0.0,0
1.0,0.0,1
0.0,0.0,0
0.0,0.0,0
0.0,0.0,0
0.0,0.0,0
0.0,0.0,0
1.0,0.0,1
0.0,0.0,0
0.0,0.0,0
0.0,0.0,0
1.0,0.0,1
0.0,0.0,0
0.0,0.0,0
2.0,0.0,1
85.0,0.0,2
0.0,0.0,0
0.0,0.0,0
0.0,0.0,0
0.0,0.0,0
0.0,0.0,0
1.0,0.0,1
0.0,0.0,0
0.0,0.0,0
0.0,0.0,0
0.0,0.0,0
0.0,0.0,0
0.0,0.0,0
0.0,0.0,0
0.0,0.0,0
0.0,0.0,0
0.0,0.0,0
2.0,0.0,1
0.0,0.0,0
1.0,0.0,1
182.0,11.0,4
0.0,0.0,0
0.0,0.0,0
154.0,0.0,4
80.0,1.0,2
17.0,0.0,1
8.0,0.0,1
0.0,0.0,0
0.0,0.0,0
0.0,0.0,0
0.0,0.0,0
0.0,0.0,0
118.0,4.0,3
1.0,0.0,1
68.0,7.0,2
79.0,0.0,2
0.0,0.0,0
0.0,0.0,0
0.0,0.0,0
0.0,0.0,0
0.0,0.0,0
1.0,0.0,1
14.0,6.0,1
1.0,0.0,1
0.0,0.0,0
17.0,0.0,1
1.0,0.0,1
78.0,0.0,2
61.0,0.0,2
0.0,0.0,0
3.0,1.0,1
0.0,0.0,0
0.0,0.0,0
0.0,0.0,0
0.0,0.0,0
0.0,1.0,1
0.0,1.0,1
0.0,0.0,0
0.0,0.0,0
39.0,0.0,1
6.0,11.0,1
0.0,0.0,0
0.0,0.0,0
0.0,0.0,0
0.0,0.0,0
0.0,0.0,0
8.0,0.0,1
58.0,3.0,2
0.0,0.0,0
0.0,0.0,0
0.0,0.0,0
5.0,0.0,1
0.0,0.0,0
0.0,0.0,0
13.0,12.0,1
75.0,14.0,2
0.0,0.0,0
1.0,0.0,1
0.0,0.0,0
0.0,0.0,0
0.0,0.0,0
0.0,0.0,0
0.0,0.0,0
0.0,0.0,0
0.0,0.0,0
0.0,0.0,0
0.0,1.0,1
153.0,0.0,4
0.0,0.0,0
0.0,0.0,0
0.0,0.0,0
1.0,0.0,1
0.0,0.0,0
0.0,0.0,0
0.0,0.0,0
0.0,0.0,0
0.0,0.0,0
0.0,0.0,0
0.0,0.0,0
0.0,0.0,0
0.0,0.0,0
0.0,0.0,0
0.0,0.0,0
0.0,0.0,0
0.0,0.0,0
5.0,0.0,1
12.0,0.0,1
0.0,0.0,0
0.0,0.0,0
0.0,0.0,0
0.0,0.0,0
0.0,0.0,0
4.0,0.0,1
7.0,0.0,1
0.0,0.0,0
0.0,0.0,0
0.0,0.0,0
0.0,0.0,0
136.0,0.0,3
0.0,0.0,0
109.0,5.0,3
0.0,0.0,0
66.0,8.0,2
114.0,16.0,3
1.0,0.0,1
1.0,0.0,1
0.0,0.0,0
74.0,0.0,2
0.0,0.0,0
0.0,0.0,0
0.0,0.0,0
0.0,0.0,0
0.0,0.0,0
1.0,0.0,1
2.0,0.0,1
0.0,0.0,0
21.0,0.0,1
0.0,0.0,0
2.0,0.0,1
0.0,0.0,0
0.0,0.0,0
0.0,0.0,0
0.0,0.0,0
1.0,0.0,1
0.0,0.0,0
0.0,0.0,0
65.0,0.0,2
0.0,0.0,0
0.0,0.0,0
0.0,0.0,0
0.0,0.0,0
0.0,0.0,0
0.0,0.0,0
0.0,0.0,0
30.0,0.0,1
0.0,0.0,0
0.0,0.0,0
0.0,0.0,0
0.0,0.0,0
0.0,0.0,0
0.0,0.0,0
0.0,0.0,0
0.0,0.0,0
0.0,0.0,0
0.0,0.0,0
10.0,3.0,1
2.0,0.0,1
0.0,0.0,0
0.0,0.0,0
0.0,0.0,0
0.0,0.0,0
0.0,0.0,0
18.0,0.0,1
66.0,0.0,2
0.0,0.0,0
51.0,0.0,2
2.0,0.0,1
2.0,0.0,1
0.0,0.0,0
0.0,0.0,0
0.0,0.0,0
0.0,0.0,0
0.0,0.0,0
1.0,0.0,1
27.0,3.0,1
2.0,0.0,1
0.0,0.0,0
105.0,4.0,3
430.0,16.0,4
31.0,0.0,1
0.0,0.0,0
0.0,0.0,0
0.0,0.0,0
0.0,0.0,0
4.0,0.0,1
0.0,0.0,0
0.0,0.0,0
0.0,0.0,0
0.0,0.0,0
29.0,3.0,1
0.0,0.0,0
1.0,0.0,1
108.0,0.0,3
0.0,0.0,0
0.0,0.0,0
0.0,0.0,0
0.0,0.0,0
0.0,0.0,0
0.0,0.0,0
0.0,0.0,0
0.0,0.0,0
0.0,0.0,0
276.0,0.0,4
0.0,0.0,0
16.0,60.0,2
24.0,0.0,1
0.0,0.0,0
0.0,0.0,0
148.0,25.0,4
1.0,0.0,1
0.0,0.0,0
0.0,0.0,0
0.0,0.0,0
0.0,0.0,0
0.0,0.0,0
22.0,0.0,1
0.0,0.0,0
5.0,0.0,1
0.0,0.0,0
0.0,0.0,0
0.0,0.0,0
0.0,0.0,0
0.0,0.0,0
0.0,0.0,0
0.0,0.0,0
56.0,3.0,2
0.0,0.0,0
159.0,0.0,4
0.0,0.0,0
0.0,0.0,0
0.0,0.0,0
0.0,0.0,0
0.0,0.0,0
0.0,0.0,0
0.0,0.0,0
0.0,0.0,0
0.0,0.0,0
3.0,0.0,1
45.0,8.0,2
0.0,0.0,0
0.0,1.0,1
0.0,0.0,0
2.0,6.0,1
181.0,8.0,4
224.0,7.0,4
197.0,6.0,4
44.0,1.0,1
10.0,0.0,1
59.0,2.0,2
3.0,1.0,1
101.0,5.0,3
5.0,123.0,3
1.0,0.0,1
24.0,2.0,1
0.0,0.0,0
0.0,0.0,0
0.0,0.0,0
16.0,0.0,1
0.0,4.0,1
0.0,0.0,0
0.0,1.0,1
0.0,3.0,1
0.0,2.0,1
116.0,7.0,3
0.0,3.0,1
0.0,68.0,2
19.0,0.0,1
42.0,0.0,1
2.0,1.0,1
0.0,36.0,1
0.0,0.0,0
0.0,0.0,0
0.0,0.0,0
0.0,0.0,0
0.0,0.0,0
0.0,0.0,0
0.0,0.0,0
0.0,0.0,0
0.0,0.0,0
9.0,0.0,1
0.0,0.0,0
2.0,3.0,1
0.0,0.0,0
5.0,6.0,1
3.0,33.0,1
8.0,1.0,1
64.0,4.0,2
0.0,0.0,0
0.0,0.0,0
1.0,0.0,1
0.0,0.0,0
0.0,0.0,0
21.0,29.0,2
27.0,0.0,1
0.0,0.0,0
12.0,0.0,1
66.0,1.0,2
0.0,0.0,0
0.0,0.0,0
1.0,0.0,1
1.0,0.0,1
0.0,0.0,0
1.0,0.0,1
2.0,1.0,1
0.0,0.0,0
0.0,0.0,0
0.0,0.0,0
0.0,1.0,1
1.0,1.0,1
1.0,1.0,1
2.0,0.0,1
5.0,0.0,1
6.0,0.0,1
13.0,0.0,1
0.0,0.0,0
1.0,0.0,1
0.0,0.0,0
0.0,0.0,0
0.0,0.0,0
0.0,0.0,0
6.0,5.0,1
22.0,0.0,1
0.0,0.0,0
0.0,0.0,0
0.0,0.0,0
31.0,1.0,1
1.0,0.0,1
3.0,0.0,1
0.0,0.0,0
1.0,0.0,1
1.0,0.0,1
0.0,0.0,0
4.0,0.0,1
11.0,0.0,1
53.0,6.0,2
1.0,0.0,1
1.0,0.0,1
0.0,0.0,0
0.0,0.0,0
0.0,0.0,0
0.0,0.0,0
0.0,0.0,0
0.0,1.0,1
5.0,0.0,1
0.0,0.0,0
0.0,0.0,0
0.0,0.0,0
7.0,1.0,1
0.0,0.0,0
0.0,0.0,0
1.0,0.0,1
22.0,0.0,1
0.0,0.0,0
0.0,0.0,0
0.0,0.0,0
25.0,1.0,1
5.0,6.0,1
36.0,49.0,2
3.0,0.0,1
0.0,5.0,1
0.0,5.0,1
27.0,4.0,1
46.0,1.0,1
12.0,0.0,1
1.0,21.0,1
35.0,0.0,1
14.0,0.0,1
14.0,7.0,1
5.0,5.0,1
2.0,0.0,1
2.0,0.0,1
3.0,41.0,1
0.0,0.0,0
7.0,0.0,1
0.0,0.0,0
0.0,0.0,0
13.0,39.0,2
1.0,157.0,4
1.0,0.0,1
9.0,0.0,1
0.0,2.0,1
9.0,1.0,1
0.0,8.0,1
0.0,7.0,1
0.0,84.0,2
0.0,68.0,2
0.0,119.0,3
0.0,17.0,1
7.0,1.0,1
0.0,0.0,0
2.0,2.0,1
8.0,0.0,1
26.0,15.0,1
22.0,15.0,1
36.0,17.0,2
13.0,9.0,1
62.0,42.0,3
0.0,0.0,0
0.0,5.0,1
0.0,170.0,4
43.0,6.0,1
3.0,1.0,1
1.0,0.0,1
2.0,0.0,1
1.0,0.0,1
0.0,0.0,0
23.0,5.0,1
8.0,2.0,1
0.0,0.0,0
0.0,0.0,0
0.0,0.0,0
0.0,0.0,0
54.0,0.0,2
36.0,1.0,1
14.0,3.0,1
3.0,0.0,1
20.0,1.0,1
0.0,1.0,1
14.0,0.0,1
2.0,3.0,1
0.0,0.0,0
0.0,1.0,1
43.0,2.0,1
44.0,7.0,2
74.0,23.0,2
60.0,0.0,2
1.0,0.0,1
0.0,0.0,0
20.0,0.0,1
0.0,0.0,0
0.0,0.0,0
0.0,0.0,0
0.0,0.0,0
6.0,2.0,1
0.0,0.0,0
57.0,0.0,2
0.0,0.0,0
11.0,13.0,1
2.0,0.0,1
24.0,0.0,1
0.0,0.0,0
0.0,0.0,0
0.0,0.0,0
40.0,0.0,1
16.0,0.0,1
0.0,108.0,3
0.0,0.0,0
0.0,0.0,0
0.0,0.0,0
0.0,0.0,0
0.0,0.0,0
0.0,0.0,0
0.0,0.0,0
6.0,8.0,1
78.0,4.0,2
0.0,2.0,1
0.0,0.0,0
0.0,0.0,0
0.0,1.0,1
0.0,0.0,0
0.0,1.0,1
1.0,2.0,1
0.0,0.0,0
39.0,6.0,1
116.0,35.0,4
0.0,0.0,0
0.0,0.0,0
0.0,0.0,0
0.0,0.0,0
1.0,13.0,1
2.0,1.0,1
1.0,3.0,1
13.0,5.0,1
0.0,0.0,0
0.0,0.0,0
1.0,0.0,1
9.0,0.0,1
49.0,121.0,4
116.0,42.0,4
1.0,1.0,1
37.0,7.0,1
1.0,0.0,1
0.0,0.0,0
1.0,0.0,1
1.0,0.0,1
1.0,0.0,1
19.0,0.0,1
26.0,0.0,1
13.0,1.0,1
10.0,1.0,1
43.0,11.0,2
29.0,0.0,1
44.0,0.0,1
36.0,0.0,1
25.0,0.0,1
21.0,0.0,1
69.0,0.0,2
7.0,0.0,1
3.0,2.0,1
2.0,0.0,1
13.0,0.0,1
1.0,0.0,1
43.0,2.0,1
32.0,9.0,1
0.0,0.0,0
3.0,2.0,1
1.0,0.0,1
5.0,0.0,1
10.0,0.0,1
5.0,1.0,1
0.0,0.0,0
113.0,1.0,3
49.0,1.0,2
0.0,1.0,1
0.0,0.0,0
1.0,0.0,1
0.0,0.0,0
0.0,0.0,0
44.0,1.0,1
0.0,0.0,0
27.0,1.0,1
37.0,0.0,1
0.0,1.0,1
0.0,0.0,0
148.0,0.0,3
163.0,0.0,4
1.0,0.0,1
11.0,0.0,1
1.0,1.0,1
83.0,5.0,2
28.0,0.0,1
0.0,0.0,0
0.0,0.0,0
0.0,0.0,0
0.0,0.0,0
0.0,0.0,0
0.0,0.0,0
0.0,0.0,0
6.0,0.0,1
5.0,0.0,1
19.0,0.0,1
14.0,0.0,1
16.0,2.0,1
127.0,0.0,3
42.0,0.0,1
0.0,0.0,0
87.0,40.0,3
0.0,0.0,0
0.0,0.0,0
4.0,0.0,1
0.0,0.0,0
0.0,0.0,0
0.0,0.0,0
3.0,2.0,1
31.0,12.0,1
9.0,10.0,1
18.0,4.0,1
1.0,0.0,1
218.0,7.0,4
0.0,0.0,0
0.0,0.0,0
13.0,0.0,1
6.0,1.0,1
0.0,0.0,0
62.0,4.0,2
26.0,139.0,4
8.0,22.0,1
1.0,0.0,1
12.0,1.0,1
61.0,0.0,2
0.0,0.0,0
12.0,0.0,1
0.0,0.0,0
11.0,9.0,1
58.0,0.0,2
0.0,26.0,1
0.0,0.0,0
0.0,0.0,0
0.0,0.0,0
0.0,4.0,1
1.0,0.0,1
1.0,0.0,1
0.0,0.0,0
0.0,0.0,0
1.0,4.0,1
1.0,1.0,1
37.0,0.0,1
2.0,0.0,1
175.0,1.0,4
27.0,1.0,1
13.0,0.0,1
14.0,0.0,1
10.0,0.0,1
18.0,0.0,1
43.0,148.0,4
1.0,0.0,1
0.0,0.0,0
1.0,0.0,1
0.0,0.0,0
12.0,129.0,3
19.0,418.0,4
0.0,0.0,0
0.0,0.0,0
0.0,0.0,0
5.0,0.0,1
2.0,0.0,1
0.0,0.0,0
36.0,0.0,1
16.0,0.0,1
1.0,0.0,1
0.0,0.0,0
0.0,0.0,0
0.0,0.0,0
0.0,0.0,0
0.0,0.0,0
0.0,0.0,0
0.0,0.0,0
0.0,0.0,0
51.0,0.0,2
36.0,1.0,1
0.0,0.0,0
0.0,0.0,0
0.0,3.0,1
2.0,5.0,1
0.0,0.0,0
0.0,1.0,1
1.0,1.0,1
0.0,0.0,0
69.0,2.0,2
4.0,58.0,2
6.0,148.0,4
26.0,1.0,1
0.0,0.0,0
11.0,0.0,1
0.0,0.0,0
0.0,0.0,0
3.0,6.0,1
1.0,7.0,1
7.0,2.0,1
0.0,0.0,0
0.0,0.0,0
0.0,0.0,0
0.0,0.0,0
14.0,2.0,1
0.0,0.0,0
16.0,0.0,1
4.0,0.0,1
25.0,17.0,1
74.0,0.0,2
284.0,7.0,4
0.0,0.0,0
0.0,0.0,0
0.0,0.0,0
68.0,0.0,2
45.0,5.0,2
3.0,5.0,1
22.0,1.0,1
2.0,0.0,1
1.0,0.0,1
23.0,0.0,1
32.0,1.0,1
35.0,20.0,2
37.0,87.0,3
84.0,0.0,2
1.0,333.0,4
53.0,0.0,2
2.0,0.0,1
56.0,0.0,2
0.0,0.0,0
24.0,1.0,1
29.0,0.0,1
2.0,0.0,1
0.0,0.0,0
1.0,0.0,1
0.0,0.0,0
23.0,0.0,1
218.0,6.0,4
0.0,0.0,0
0.0,0.0,0
38.0,102.0,3
3.0,0.0,1
0.0,0.0,0
0.0,0.0,0
39.0,1.0,1
3.0,0.0,1
7.0,0.0,1
5.0,0.0,1
127.0,0.0,3
34.0,0.0,1
70.0,11.0,2
10.0,0.0,1
0.0,0.0,0
6.0,0.0,1
21.0,0.0,1
0.0,0.0,0
1.0,0.0,1
14.0,0.0,1
227.0,6.0,4
0.0,0.0,0
0.0,0.0,0
1.0,0.0,1
0.0,0.0,0
6.0,5.0,1
12.0,1.0,1
138.0,0.0,3
256.0,2.0,4
12.0,1.0,1
35.0,2.0,1
0.0,0.0,0
2.0,0.0,1
0.0,0.0,0
0.0,0.0,0
74.0,0.0,2
0.0,0.0,0
0.0,0.0,0
91.0,3.0,2
12.0,0.0,1
0.0,0.0,0
2.0,0.0,1
132.0,0.0,3
0.0,0.0,0
0.0,0.0,0
0.0,0.0,0
261.0,1.0,4
0.0,0.0,0
0.0,0.0,0
1.0,0.0,1
0.0,0.0,0
58.0,5.0,2
0.0,0.0,0
0.0,0.0,0
1.0,0.0,1
0.0,0.0,0
0.0,0.0,0
0.0,0.0,0
0.0,0.0,0
0.0,0.0,0
4.0,0.0,1
23.0,4.0,1
16.0,28.0,1
12.0,23.0,1
16.0,20.0,1
2.0,8.0,1
0.0,0.0,0
0.0,1.0,1
0.0,2.0,1
31.0,2.0,1
7.0,0.0,1
3.0,0.0,1
80.0,1.0,2
8.0,0.0,1
29.0,1.0,1
6.0,1.0,1
17.0,0.0,1
60.0,0.0,2
0.0,0.0,0
0.0,0.0,0
114.0,0.0,3
0.0,0.0,0
0.0,0.0,0
0.0,0.0,0
106.0,0.0,3
0.0,0.0,0
288.0,23.0,4
53.0,5.0,2
178.0,4.0,4
0.0,0.0,0
13.0,16.0,1
2.0,0.0,1
1.0,0.0,1
0.0,0.0,0
0.0,0.0,0
19.0,0.0,1
51.0,21.0,2
2.0,0.0,1
50.0,0.0,2
2.0,0.0,1
0.0,0.0,0
0.0,0.0,0
0.0,0.0,0
31.0,0.0,1
0.0,0.0,0
0.0,0.0,0
36.0,8.0,1
5.0,0.0,1
0.0,0.0,0
0.0,0.0,0
55.0,3.0,2
0.0,0.0,0
0.0,0.0,0
0.0,0.0,0
0.0,0.0,0
0.0,0.0,0
0.0,0.0,0
0.0,0.0,0
90.0,0.0,2
0.0,0.0,0
23.0,1.0,1
0.0,0.0,0
0.0,0.0,0
0.0,0.0,0
19.0,0.0,1
0.0,0.0,0
6.0,0.0,1
0.0,0.0,0
411.0,2.0,4
0.0,0.0,0
25.0,0.0,1
58.0,5.0,2
51.0,4.0,2
0.0,0.0,0
1.0,0.0,1
11.0,0.0,1
0.0,0.0,0
0.0,0.0,0
9.0,1.0,1
0.0,0.0,0
31.0,21.0,2
1.0,0.0,1
0.0,0.0,0
0.0,0.0,0
16.0,0.0,1
0.0,0.0,0
0.0,0.0,0
2.0,0.0,1
116.0,10.0,3
1.0,8.0,1
7.0,29.0,1
0.0,0.0,0
16.0,0.0,1
0.0,0.0,0
0.0,0.0,0
56.0,0.0,2
41.0,5.0,1
0.0,0.0,0
1.0,0.0,1
1.0,0.0,1
0.0,0.0,0
15.0,0.0,1
37.0,1.0,1
0.0,0.0,0
0.0,38.0,1
8.0,24.0,1
32.0,1.0,1
0.0,0.0,0
0.0,0.0,0
0.0,0.0,0
0.0,1.0,1
0.0,0.0,0
35.0,4.0,1
22.0,2.0,1
0.0,0.0,0
3.0,0.0,1
0.0,0.0,0
2.0,0.0,1
0.0,0.0,0
0.0,0.0,0
0.0,0.0,0
54.0,2.0,2
0.0,299.0,4
1.0,0.0,1
57.0,0.0,2
1.0,0.0,1
12.0,0.0,1
214.0,25.0,4
68.0,7.0,2
6.0,3.0,1
23.0,1.0,1
19.0,0.0,1
1.0,0.0,1
431.0,8.0,4
0.0,0.0,0
31.0,0.0,1
4.0,84.0,2
0.0,0.0,0
0.0,0.0,0
1.0,0.0,1
109.0,1.0,3
110.0,0.0,3
197.0,3.0,4
0.0,0.0,0
0.0,0.0,0
1.0,0.0,1
0.0,0.0,0
0.0,0.0,0
0.0,0.0,0
0.0,0.0,0
0.0,0.0,0
0.0,0.0,0
23.0,0.0,1
0.0,0.0,0
46.0,0.0,1
7.0,0.0,1
0.0,0.0,0
1.0,0.0,1
5.0,0.0,1
179.0,2.0,4
33.0,0.0,1
41.0,0.0,1
1.0,0.0,1
17.0,8.0,1
1.0,0.0,1
32.0,1.0,1
0.0,0.0,0
3.0,1.0,1
0.0,0.0,0
21.0,0.0,1
2.0,0.0,1
86.0,0.0,2
1.0,1.0,1
0.0,0.0,0
0.0,0.0,0
344.0,0.0,4
0.0,0.0,0
126.0,0.0,3
0.0,0.0,0
3.0,53.0,2
0.0,0.0,0
192.0,4.0,4
0.0,0.0,0
0.0,0.0,0
3.0,0.0,1
0.0,0.0,0
0.0,0.0,0
0.0,0.0,0
129.0,4.0,3
17.0,0.0,1
35.0,14.0,1
0.0,0.0,0
0.0,0.0,0
0.0,0.0,0
33.0,1.0,1
0.0,0.0,0
1.0,2.0,1
9.0,1.0,1
23.0,4.0,1
16.0,5.0,1
32.0,0.0,1
0.0,0.0,0
0.0,0.0,0
0.0,0.0,0
67.0,2.0,2
3.0,0.0,1
0.0,0.0,0
21.0,0.0,1
0.0,0.0,0
0.0,0.0,0
0.0,0.0,0
3.0,0.0,1
0.0,2.0,1
0.0,9.0,1
4.0,65.0,2
156.0,0.0,4
164.0,0.0,4
0.0,0.0,0
0.0,0.0,0
0.0,0.0,0
1.0,0.0,1
3.0,0.0,1
122.0,0.0,3
1.0,3.0,1
0.0,0.0,0
3.0,0.0,1
0.0,25.0,1
20.0,3.0,1
1.0,3.0,1
0.0,0.0,0
0.0,0.0,0
0.0,0.0,0
2.0,4.0,1
17.0,0.0,1
0.0,0.0,0
0.0,0.0,0
0.0,0.0,0
0.0,0.0,0
0.0,0.0,0
0.0,0.0,0
0.0,0.0,0
0.0,0.0,0
0.0,0.0,0
1.0,0.0,1
0.0,0.0,0
0.0,0.0,0
0.0,0.0,0
0.0,0.0,0
0.0,0.0,0
218.0,0.0,4
0.0,0.0,0
0.0,0.0,0
0.0,0.0,0
1.0,0.0,1
1.0,0.0,1
11.0,21.0,1
5.0,1.0,1
62.0,0.0,2
8.0,0.0,1
13.0,0.0,1
1.0,0.0,1
2.0,0.0,1
1.0,0.0,1
2.0,0.0,1
1.0,0.0,1
1.0,0.0,1
127.0,6.0,3
51.0,0.0,2
41.0,0.0,1
1.0,1.0,1
0.0,0.0,0
1.0,1.0,1
1.0,0.0,1
202.0,2.0,4
1.0,0.0,1
1.0,0.0,1
0.0,0.0,0
0.0,0.0,0
0.0,0.0,0
21.0,0.0,1
0.0,0.0,0
2.0,0.0,1
0.0,0.0,0
8.0,0.0,1
0.0,0.0,0
0.0,0.0,0
77.0,1.0,2
0.0,0.0,0
5.0,0.0,1
495.0,2.0,4
0.0,0.0,0
0.0,0.0,0
7.0,0.0,1
88.0,0.0,2
0.0,0.0,0
12.0,4.0,1
1.0,2.0,1
0.0,0.0,0
0.0,0.0,0
0.0,0.0,0
0.0,0.0,0
2.0,2.0,1
6.0,0.0,1
0.0,0.0,0
94.0,25.0,3
45.0,4.0,1
0.0,0.0,0
4.0,0.0,1
1.0,0.0,1
0.0,2.0,1
60.0,13.0,2
8.0,0.0,1
22.0,0.0,1
2.0,2.0,1
3.0,7.0,1
34.0,2.0,1
12.0,0.0,1
0.0,0.0,0
6.0,1.0,1
1.0,0.0,1
0.0,0.0,0
4.0,248.0,4
0.0,466.0,4
1.0,0.0,1
15.0,23.0,1
0.0,0.0,0
0.0,0.0,0
2.0,4.0,1
1.0,0.0,1
8.0,7.0,1
29.0,19.0,1
0.0,0.0,0
2.0,3.0,1
0.0,0.0,0
0.0,0.0,0
0.0,0.0,0
19.0,0.0,1
0.0,1.0,1
6.0,1.0,1
0.0,0.0,0
560.0,29.0,4
0.0,0.0,0
0.0,0.0,0
0.0,0.0,0
19.0,2.0,1
42.0,1.0,1
0.0,0.0,0
0.0,0.0,0
0.0,0.0,0
12.0,0.0,1
20.0,0.0,1
16.0,0.0,1
0.0,0.0,0
12.0,1.0,1
0.0,0.0,0
64.0,1.0,2
0.0,0.0,0
0.0,0.0,0
16.0,3.0,1
0.0,0.0,0
0.0,0.0,0
0.0,0.0,0
0.0,0.0,0
0.0,0.0,0
37.0,19.0,2
102.0,8.0,3
131.0,3.0,3
69.0,2.0,2
125.0,3.0,3
0.0,173.0,4
1.0,0.0,1
0.0,0.0,0
0.0,0.0,0
31.0,106.0,3
1.0,1.0,1
15.0,0.0,1
38.0,7.0,1
0.0,60.0,2
0.0,200.0,4
0.0,0.0,0
4.0,0.0,1
1.0,266.0,4
0.0,549.0,4
0.0,0.0,0
0.0,0.0,0
0.0,0.0,0
0.0,0.0,0
107.0,0.0,3
6.0,0.0,1
14.0,1.0,1
28.0,13.0,1
28.0,0.0,1
85.0,0.0,2
2.0,0.0,1
0.0,0.0,0
0.0,0.0,0
3.0,0.0,1
6.0,0.0,1
5.0,7.0,1
105.0,0.0,3
7.0,6.0,1
1.0,0.0,1
0.0,0.0,0
1.0,0.0,1
8.0,0.0,1
0.0,0.0,0
1.0,0.0,1
16.0,6.0,1
34.0,11.0,1
0.0,0.0,0
1.0,0.0,1
0.0,0.0,0
1.0,0.0,1
7.0,0.0,1
49.0,2.0,2
0.0,0.0,0
0.0,1.0,1
0.0,0.0,0
0.0,0.0,0
0.0,0.0,0
0.0,0.0,0
0.0,0.0,0
2.0,0.0,1
83.0,0.0,2
140.0,0.0,3
1.0,0.0,1
0.0,0.0,0
125.0,0.0,3
0.0,0.0,0
2.0,12.0,1
8.0,5.0,1
31.0,8.0,1
0.0,0.0,0
0.0,0.0,0
0.0,0.0,0
1.0,0.0,1
0.0,0.0,0
4.0,11.0,1
3.0,0.0,1
0.0,0.0,0
0.0,0.0,0
0.0,0.0,0
0.0,0.0,0
0.0,0.0,0
0.0,0.0,0
0.0,0.0,0
4.0,0.0,1
2.0,0.0,1
17.0,0.0,1
0.0,254.0,4
2.0,0.0,1
0.0,0.0,0
67.0,141.0,4
8.0,0.0,1
35.0,2.0,1
17.0,0.0,1
0.0,0.0,0
1.0,0.0,1
0.0,0.0,0
15.0,0.0,1
10.0,0.0,1
1.0,0.0,1
85.0,0.0,2
0.0,1.0,1
0.0,0.0,0
16.0,50.0,2
136.0,0.0,3
13.0,1.0,1
7.0,0.0,1
15.0,17.0,1
0.0,0.0,0
3.0,2.0,1
38.0,1.0,1
0.0,0.0,0
28.0,0.0,1
0.0,0.0,0
3.0,1.0,1
0.0,0.0,0
5.0,4.0,1
13.0,1.0,1
1.0,0.0,1
1.0,0.0,1
0.0,0.0,0
4.0,0.0,1
1.0,0.0,1
0.0,1.0,1
12.0,0.0,1
3.0,0.0,1
0.0,0.0,0
14.0,0.0,1
20.0,0.0,1
0.0,0.0,0
0.0,0.0,0
0.0,0.0,0
0.0,0.0,0
9.0,0.0,1
21.0,3.0,1
8.0,0.0,1
5.0,347.0,4
0.0,0.0,0
3.0,0.0,1
20.0,0.0,1
0.0,0.0,0
33.0,1.0,1
0.0,0.0,0
0.0,0.0,0
0.0,0.0,0
0.0,0.0,0
0.0,0.0,0
3.0,0.0,1
0.0,0.0,0
0.0,0.0,0
0.0,0.0,0
0.0,0.0,0
35.0,0.0,1
12.0,0.0,1
0.0,0.0,0
2.0,0.0,1
15.0,5.0,1
0.0,0.0,0
1.0,522.0,4
227.0,5.0,4
0.0,0.0,0
5.0,8.0,1
0.0,0.0,0
0.0,0.0,0
19.0,0.0,1
0.0,0.0,0
0.0,0.0,0
0.0,0.0,0
0.0,0.0,0
0.0,0.0,0
0.0,0.0,0
0.0,0.0,0
0.0,0.0,0
0.0,0.0,0
0.0,0.0,0
16.0,0.0,1
0.0,0.0,0
0.0,0.0,0
0.0,0.0,0
0.0,0.0,0
0.0,0.0,0
0.0,0.0,0
5.0,0.0,1
5.0,1.0,1
8.0,1.0,1
3.0,0.0,1
0.0,0.0,0
1.0,0.0,1
200.0,0.0,4
3.0,1.0,1
3.0,2.0,1
0.0,0.0,0
0.0,0.0,0
0.0,0.0,0
0.0,0.0,0
0.0,0.0,0
0.0,0.0,0
0.0,0.0,0
136.0,0.0,3
1.0,0.0,1
2.0,0.0,1
0.0,0.0,0
0.0,0.0,0
19.0,1.0,1
20.0,1.0,1
0.0,0.0,0
0.0,0.0,0
11.0,3.0,1
0.0,0.0,0
8.0,0.0,1
6.0,0.0,1
5.0,0.0,1
8.0,0.0,1
1.0,0.0,1
108.0,0.0,3
3.0,0.0,1
7.0,0.0,1
0.0,0.0,0
0.0,0.0,0
0.0,0.0,0
6.0,0.0,1
0.0,0.0,0
32.0,3.0,1
16.0,4.0,1
0.0,0.0,0
0.0,1.0,1
0.0,1.0,1
1.0,0.0,1
2.0,0.0,1
0.0,0.0,0
7.0,0.0,1
51.0,0.0,2
0.0,0.0,0
5.0,0.0,1
32.0,1.0,1
0.0,0.0,0
0.0,0.0,0
25.0,0.0,1
109.0,35.0,3
0.0,0.0,0
18.0,0.0,1
4.0,0.0,1
6.0,1.0,1
0.0,0.0,0
67.0,0.0,2
0.0,0.0,0
0.0,0.0,0
35.0,0.0,1
0.0,0.0,0
4.0,8.0,1
16.0,36.0,2
180.0,0.0,4
0.0,0.0,0
1.0,0.0,1
29.0,6.0,1
1.0,0.0,1
1.0,0.0,1
0.0,0.0,0
0.0,0.0,0
0.0,0.0,0
10.0,0.0,1
0.0,0.0,0
4.0,0.0,1
1.0,0.0,1
41.0,1.0,1
1.0,0.0,1
11.0,0.0,1
