index,Toxic parent tweets,Toxic replies,Toxic Level
0,0.0,0.0,0
5,0.0,0.0,0
6,0.0,0.0,0
10,0.0,0.0,0
11,0.0,0.0,0
12,0.0,0.0,0
14,0.0,0.0,0
15,0.0,0.0,0
30,0.0,0.0,0
35,0.0,0.0,0
36,0.0,0.0,0
37,0.0,0.0,0
39,0.0,0.0,0
40,0.0,0.0,0
41,0.0,0.0,0
42,0.0,0.0,0
44,0.0,0.0,0
46,0.0,0.0,0
48,0.0,0.0,0
50,0.0,0.0,0
51,0.0,0.0,0
54,0.0,0.0,0
59,0.0,0.0,0
62,0.0,0.0,0
64,0.0,0.0,0
65,0.0,0.0,0
67,0.0,0.0,0
68,0.0,0.0,0
69,0.0,0.0,0
70,0.0,0.0,0
72,0.0,0.0,0
73,0.0,0.0,0
76,0.0,0.0,0
77,0.0,0.0,0
79,0.0,0.0,0
80,0.0,0.0,0
82,0.0,0.0,0
87,0.0,0.0,0
88,0.0,0.0,0
89,0.0,0.0,0
90,0.0,0.0,0
95,0.0,0.0,0
96,0.0,0.0,0
97,0.0,0.0,0
101,0.0,0.0,0
103,0.0,0.0,0
104,0.0,0.0,0
105,0.0,0.0,0
106,0.0,0.0,0
107,0.0,0.0,0
109,0.0,0.0,0
114,0.0,0.0,0
115,0.0,0.0,0
116,0.0,0.0,0
117,0.0,0.0,0
118,0.0,0.0,0
119,0.0,0.0,0
120,0.0,0.0,0
121,0.0,0.0,0
124,0.0,0.0,0
125,0.0,0.0,0
126,0.0,0.0,0
127,0.0,0.0,0
128,0.0,0.0,0
136,0.0,0.0,0
139,0.0,0.0,0
140,0.0,0.0,0
141,0.0,0.0,0
142,0.0,0.0,0
145,0.0,0.0,0
146,0.0,0.0,0
147,0.0,0.0,0
148,0.0,0.0,0
151,0.0,0.0,0
152,0.0,0.0,0
154,0.0,0.0,0
155,0.0,0.0,0
158,0.0,0.0,0
161,0.0,0.0,0
162,0.0,0.0,0
164,0.0,0.0,0
165,0.0,0.0,0
168,0.0,0.0,0
171,0.0,0.0,0
172,0.0,0.0,0
178,0.0,0.0,0
179,0.0,0.0,0
183,0.0,0.0,0
187,0.0,0.0,0
189,0.0,0.0,0
190,0.0,0.0,0
193,0.0,0.0,0
198,0.0,0.0,0
199,0.0,0.0,0
200,0.0,0.0,0
201,0.0,0.0,0
204,0.0,0.0,0
211,0.0,0.0,0
212,0.0,0.0,0
215,0.0,0.0,0
216,0.0,0.0,0
217,0.0,0.0,0
218,0.0,0.0,0
219,0.0,0.0,0
220,0.0,0.0,0
221,0.0,0.0,0
222,0.0,0.0,0
224,0.0,0.0,0
225,0.0,0.0,0
227,0.0,0.0,0
230,0.0,0.0,0
231,0.0,0.0,0
232,0.0,0.0,0
233,0.0,0.0,0
235,0.0,0.0,0
236,0.0,0.0,0
237,0.0,0.0,0
238,0.0,0.0,0
240,0.0,0.0,0
241,0.0,0.0,0
242,0.0,0.0,0
243,0.0,0.0,0
246,0.0,0.0,0
248,0.0,0.0,0
249,0.0,0.0,0
250,0.0,0.0,0
251,0.0,0.0,0
254,0.0,0.0,0
255,0.0,0.0,0
257,0.0,0.0,0
259,0.0,0.0,0
260,0.0,0.0,0
261,0.0,0.0,0
264,0.0,0.0,0
265,0.0,0.0,0
269,0.0,0.0,0
271,0.0,0.0,0
276,0.0,0.0,0
277,0.0,0.0,0
278,0.0,0.0,0
279,0.0,0.0,0
280,0.0,0.0,0
281,0.0,0.0,0
284,0.0,0.0,0
285,0.0,0.0,0
286,0.0,0.0,0
289,0.0,0.0,0
291,0.0,0.0,0
292,0.0,0.0,0
294,0.0,0.0,0
297,0.0,0.0,0
300,0.0,0.0,0
301,0.0,0.0,0
306,0.0,0.0,0
308,0.0,0.0,0
309,0.0,0.0,0
312,0.0,0.0,0
313,0.0,0.0,0
315,0.0,0.0,0
323,0.0,0.0,0
324,0.0,0.0,0
326,0.0,0.0,0
327,0.0,0.0,0
328,0.0,0.0,0
330,0.0,0.0,0
334,0.0,0.0,0
337,0.0,0.0,0
338,0.0,0.0,0
345,0.0,0.0,0
348,0.0,0.0,0
349,0.0,0.0,0
350,0.0,0.0,0
351,0.0,0.0,0
352,0.0,0.0,0
353,0.0,0.0,0
354,0.0,0.0,0
355,0.0,0.0,0
356,0.0,0.0,0
357,0.0,0.0,0
358,0.0,0.0,0
360,0.0,0.0,0
363,0.0,0.0,0
364,0.0,0.0,0
365,0.0,0.0,0
367,0.0,0.0,0
369,0.0,0.0,0
374,0.0,0.0,0
379,0.0,0.0,0
383,0.0,0.0,0
384,0.0,0.0,0
387,0.0,0.0,0
388,0.0,0.0,0
389,0.0,0.0,0
390,0.0,0.0,0
392,0.0,0.0,0
396,0.0,0.0,0
399,0.0,0.0,0
400,0.0,0.0,0
401,0.0,0.0,0
403,0.0,0.0,0
406,0.0,0.0,0
407,0.0,0.0,0
408,0.0,0.0,0
410,0.0,0.0,0
411,0.0,0.0,0
412,0.0,0.0,0
413,0.0,0.0,0
414,0.0,0.0,0
415,0.0,0.0,0
416,0.0,0.0,0
417,0.0,0.0,0
425,0.0,0.0,0
426,0.0,0.0,0
427,0.0,0.0,0
428,0.0,0.0,0
431,0.0,0.0,0
432,0.0,0.0,0
433,0.0,0.0,0
435,0.0,0.0,0
442,0.0,0.0,0
444,0.0,0.0,0
445,0.0,0.0,0
446,0.0,0.0,0
447,0.0,0.0,0
449,0.0,0.0,0
450,0.0,0.0,0
453,0.0,0.0,0
454,0.0,0.0,0
455,0.0,0.0,0
456,0.0,0.0,0
457,0.0,0.0,0
458,0.0,0.0,0
460,0.0,0.0,0
461,0.0,0.0,0
462,0.0,0.0,0
463,0.0,0.0,0
464,0.0,0.0,0
466,0.0,0.0,0
469,0.0,0.0,0
470,0.0,0.0,0
477,0.0,0.0,0
478,0.0,0.0,0
479,0.0,0.0,0
480,0.0,0.0,0
481,0.0,0.0,0
482,0.0,0.0,0
483,0.0,0.0,0
488,0.0,0.0,0
489,0.0,0.0,0
490,0.0,0.0,0
491,0.0,0.0,0
494,0.0,0.0,0
495,0.0,0.0,0
496,0.0,0.0,0
497,0.0,0.0,0
498,0.0,0.0,0
500,0.0,0.0,0
502,0.0,0.0,0
504,0.0,0.0,0
506,0.0,0.0,0
523,0.0,0.0,0
524,0.0,0.0,0
525,0.0,0.0,0
526,0.0,0.0,0
527,0.0,0.0,0
528,0.0,0.0,0
529,0.0,0.0,0
533,0.0,0.0,0
537,0.0,0.0,0
539,0.0,0.0,0
542,0.0,0.0,0
543,0.0,0.0,0
544,0.0,0.0,0
546,0.0,0.0,0
547,0.0,0.0,0
549,0.0,0.0,0
552,0.0,0.0,0
556,0.0,0.0,0
557,0.0,0.0,0
558,0.0,0.0,0
559,0.0,0.0,0
562,0.0,0.0,0
563,0.0,0.0,0
564,0.0,0.0,0
565,0.0,0.0,0
567,0.0,0.0,0
568,0.0,0.0,0
571,0.0,0.0,0
573,0.0,0.0,0
578,0.0,0.0,0
580,0.0,0.0,0
581,0.0,0.0,0
582,0.0,0.0,0
583,0.0,0.0,0
584,0.0,0.0,0
586,0.0,0.0,0
587,0.0,0.0,0
590,0.0,0.0,0
591,0.0,0.0,0
592,0.0,0.0,0
593,0.0,0.0,0
594,0.0,0.0,0
595,0.0,0.0,0
596,0.0,0.0,0
597,0.0,0.0,0
602,0.0,0.0,0
603,0.0,0.0,0
604,0.0,0.0,0
606,0.0,0.0,0
607,0.0,0.0,0
608,0.0,0.0,0
615,0.0,0.0,0
620,0.0,0.0,0
621,0.0,0.0,0
622,0.0,0.0,0
626,0.0,0.0,0
627,0.0,0.0,0
629,0.0,0.0,0
630,0.0,0.0,0
634,0.0,0.0,0
635,0.0,0.0,0
636,0.0,0.0,0
637,0.0,0.0,0
640,0.0,0.0,0
641,0.0,0.0,0
645,0.0,0.0,0
651,0.0,0.0,0
652,0.0,0.0,0
657,0.0,0.0,0
659,0.0,0.0,0
660,0.0,0.0,0
661,0.0,0.0,0
665,0.0,0.0,0
668,0.0,0.0,0
670,0.0,0.0,0
671,0.0,0.0,0
673,0.0,0.0,0
674,0.0,0.0,0
675,0.0,0.0,0
676,0.0,0.0,0
679,0.0,0.0,0
680,0.0,0.0,0
681,0.0,0.0,0
687,0.0,0.0,0
693,0.0,0.0,0
696,0.0,0.0,0
698,0.0,0.0,0
699,0.0,0.0,0
701,0.0,0.0,0
702,0.0,0.0,0
703,0.0,0.0,0
704,0.0,0.0,0
705,0.0,0.0,0
706,0.0,0.0,0
708,0.0,0.0,0
709,0.0,0.0,0
711,0.0,0.0,0
712,0.0,0.0,0
713,0.0,0.0,0
714,0.0,0.0,0
717,0.0,0.0,0
718,0.0,0.0,0
721,0.0,0.0,0
723,0.0,0.0,0
726,0.0,0.0,0
727,0.0,0.0,0
728,0.0,0.0,0
731,0.0,0.0,0
732,0.0,0.0,0
733,0.0,0.0,0
735,0.0,0.0,0
738,0.0,0.0,0
739,0.0,0.0,0
741,0.0,0.0,0
742,0.0,0.0,0
743,0.0,0.0,0
749,0.0,0.0,0
750,0.0,0.0,0
751,0.0,0.0,0
752,0.0,0.0,0
753,0.0,0.0,0
754,0.0,0.0,0
755,0.0,0.0,0
756,0.0,0.0,0
757,0.0,0.0,0
758,0.0,0.0,0
768,0.0,0.0,0
769,0.0,0.0,0
770,0.0,0.0,0
771,0.0,0.0,0
772,0.0,0.0,0
773,0.0,0.0,0
774,0.0,0.0,0
775,0.0,0.0,0
778,0.0,0.0,0
781,0.0,0.0,0
782,0.0,0.0,0
787,0.0,0.0,0
788,0.0,0.0,0
790,0.0,0.0,0
791,0.0,0.0,0
794,0.0,0.0,0
795,0.0,0.0,0
797,0.0,0.0,0
799,0.0,0.0,0
801,0.0,0.0,0
806,0.0,0.0,0
807,0.0,0.0,0
808,0.0,0.0,0
809,0.0,0.0,0
810,0.0,0.0,0
811,0.0,0.0,0
817,0.0,0.0,0
818,0.0,0.0,0
819,0.0,0.0,0
828,0.0,0.0,0
829,0.0,0.0,0
835,0.0,0.0,0
837,0.0,0.0,0
838,0.0,0.0,0
839,0.0,0.0,0
840,0.0,0.0,0
841,0.0,0.0,0
842,0.0,0.0,0
843,0.0,0.0,0
845,0.0,0.0,0
846,0.0,0.0,0
847,0.0,0.0,0
848,0.0,0.0,0
849,0.0,0.0,0
850,0.0,0.0,0
851,0.0,0.0,0
853,0.0,0.0,0
854,0.0,0.0,0
855,0.0,0.0,0
856,0.0,0.0,0
857,0.0,0.0,0
858,0.0,0.0,0
859,0.0,0.0,0
861,0.0,0.0,0
862,0.0,0.0,0
863,0.0,0.0,0
865,0.0,0.0,0
866,0.0,0.0,0
867,0.0,0.0,0
868,0.0,0.0,0
869,0.0,0.0,0
870,0.0,0.0,0
871,0.0,0.0,0
872,0.0,0.0,0
875,0.0,0.0,0
876,0.0,0.0,0
877,0.0,0.0,0
878,0.0,0.0,0
879,0.0,0.0,0
880,0.0,0.0,0
881,0.0,0.0,0
882,0.0,0.0,0
883,0.0,0.0,0
890,0.0,0.0,0
891,0.0,0.0,0
892,0.0,0.0,0
893,0.0,0.0,0
894,0.0,0.0,0
896,0.0,0.0,0
900,0.0,0.0,0
901,0.0,0.0,0
902,0.0,0.0,0
904,0.0,0.0,0
905,0.0,0.0,0
907,0.0,0.0,0
908,0.0,0.0,0
914,0.0,0.0,0
915,0.0,0.0,0
916,0.0,0.0,0
917,0.0,0.0,0
918,0.0,0.0,0
919,0.0,0.0,0
920,0.0,0.0,0
922,0.0,0.0,0
923,0.0,0.0,0
924,0.0,0.0,0
927,0.0,0.0,0
932,0.0,0.0,0
933,0.0,0.0,0
934,0.0,0.0,0
936,0.0,0.0,0
938,0.0,0.0,0
939,0.0,0.0,0
940,0.0,0.0,0
941,0.0,0.0,0
942,0.0,0.0,0
944,0.0,0.0,0
945,0.0,0.0,0
946,0.0,0.0,0
948,0.0,0.0,0
949,0.0,0.0,0
952,0.0,0.0,0
953,0.0,0.0,0
954,0.0,0.0,0
955,0.0,0.0,0
956,0.0,0.0,0
958,0.0,0.0,0
959,0.0,0.0,0
960,0.0,0.0,0
961,0.0,0.0,0
962,0.0,0.0,0
963,0.0,0.0,0
964,0.0,0.0,0
965,0.0,0.0,0
966,0.0,0.0,0
967,0.0,0.0,0
969,0.0,0.0,0
972,0.0,0.0,0
973,0.0,0.0,0
978,0.0,0.0,0
979,0.0,0.0,0
980,0.0,0.0,0
981,0.0,0.0,0
982,0.0,0.0,0
987,0.0,0.0,0
988,0.0,0.0,0
989,0.0,0.0,0
990,0.0,0.0,0
991,0.0,0.0,0
995,0.0,0.0,0
1000,0.0,0.0,0
1002,0.0,0.0,0
1003,0.0,0.0,0
1004,0.0,0.0,0
1005,0.0,0.0,0
1008,0.0,0.0,0
1009,0.0,0.0,0
1012,0.0,0.0,0
1013,0.0,0.0,0
1014,0.0,0.0,0
1015,0.0,0.0,0
1017,0.0,0.0,0
1020,0.0,0.0,0
1021,0.0,0.0,0
1022,0.0,0.0,0
1024,0.0,0.0,0
1025,0.0,0.0,0
1028,0.0,0.0,0
1030,0.0,0.0,0
1031,0.0,0.0,0
1032,0.0,0.0,0
1033,0.0,0.0,0
1034,0.0,0.0,0
1035,0.0,0.0,0
1036,0.0,0.0,0
1037,0.0,0.0,0
1040,0.0,0.0,0
1041,0.0,0.0,0
1042,0.0,0.0,0
1044,0.0,0.0,0
1045,0.0,0.0,0
1046,0.0,0.0,0
1047,0.0,0.0,0
1048,0.0,0.0,0
1049,0.0,0.0,0
1050,0.0,0.0,0
1051,0.0,0.0,0
1052,0.0,0.0,0
1053,0.0,0.0,0
1054,0.0,0.0,0
1055,0.0,0.0,0
1056,0.0,0.0,0
1059,0.0,0.0,0
1060,0.0,0.0,0
1061,0.0,0.0,0
1062,0.0,0.0,0
1063,0.0,0.0,0
1066,0.0,0.0,0
1067,0.0,0.0,0
1068,0.0,0.0,0
1069,0.0,0.0,0
1071,0.0,0.0,0
1073,0.0,0.0,0
1078,0.0,0.0,0
1080,0.0,0.0,0
1081,0.0,0.0,0
1082,0.0,0.0,0
1083,0.0,0.0,0
1084,0.0,0.0,0
1087,0.0,0.0,0
1089,0.0,0.0,0
1091,0.0,0.0,0
1092,0.0,0.0,0
1093,0.0,0.0,0
1094,0.0,0.0,0
1096,0.0,0.0,0
1097,0.0,0.0,0
1099,0.0,0.0,0
1100,0.0,0.0,0
1101,0.0,0.0,0
1102,0.0,0.0,0
1103,0.0,0.0,0
1104,0.0,0.0,0
1105,0.0,0.0,0
1107,0.0,0.0,0
1108,0.0,0.0,0
1109,0.0,0.0,0
1110,0.0,0.0,0
1111,0.0,0.0,0
1112,0.0,0.0,0
1113,0.0,0.0,0
1114,0.0,0.0,0
1115,0.0,0.0,0
1116,0.0,0.0,0
1119,0.0,0.0,0
1120,0.0,0.0,0
1121,0.0,0.0,0
1122,0.0,0.0,0
1123,0.0,0.0,0
1126,0.0,0.0,0
1130,0.0,0.0,0
1131,0.0,0.0,0
1132,0.0,0.0,0
1133,0.0,0.0,0
1134,0.0,0.0,0
1138,0.0,0.0,0
1142,0.0,0.0,0
1143,0.0,0.0,0
1144,0.0,0.0,0
1145,0.0,0.0,0
1147,0.0,0.0,0
1148,0.0,0.0,0
1149,0.0,0.0,0
1150,0.0,0.0,0
1152,0.0,0.0,0
1155,0.0,0.0,0
1156,0.0,0.0,0
1157,0.0,0.0,0
1158,0.0,0.0,0
1159,0.0,0.0,0
1160,0.0,0.0,0
1161,0.0,0.0,0
1162,0.0,0.0,0
1163,0.0,0.0,0
1165,0.0,0.0,0
1168,0.0,0.0,0
1169,0.0,0.0,0
1172,0.0,0.0,0
1173,0.0,0.0,0
1174,0.0,0.0,0
1175,0.0,0.0,0
1176,0.0,0.0,0
1178,0.0,0.0,0
1180,0.0,0.0,0
1181,0.0,0.0,0
1182,0.0,0.0,0
1183,0.0,0.0,0
1184,0.0,0.0,0
1185,0.0,0.0,0
1186,0.0,0.0,0
1188,0.0,0.0,0
1190,0.0,0.0,0
1191,0.0,0.0,0
1192,0.0,0.0,0
1193,0.0,0.0,0
1194,0.0,0.0,0
1195,0.0,0.0,0
1196,0.0,0.0,0
1197,0.0,0.0,0
1198,0.0,0.0,0
1201,0.0,0.0,0
1203,0.0,0.0,0
1217,0.0,0.0,0
1218,0.0,0.0,0
1219,0.0,0.0,0
1222,0.0,0.0,0
1233,0.0,0.0,0
1234,0.0,0.0,0
1235,0.0,0.0,0
1236,0.0,0.0,0
1237,0.0,0.0,0
1238,0.0,0.0,0
1239,0.0,0.0,0
1240,0.0,0.0,0
1241,0.0,0.0,0
1243,0.0,0.0,0
1245,0.0,0.0,0
1250,0.0,0.0,0
1251,0.0,0.0,0
1253,0.0,0.0,0
1254,0.0,0.0,0
1257,0.0,0.0,0
1260,0.0,0.0,0
1261,0.0,0.0,0
1264,0.0,0.0,0
1267,0.0,0.0,0
1268,0.0,0.0,0
1269,0.0,0.0,0
1277,0.0,0.0,0
1279,0.0,0.0,0
1280,0.0,0.0,0
1281,0.0,0.0,0
1282,0.0,0.0,0
1285,0.0,0.0,0
1286,0.0,0.0,0
1287,0.0,0.0,0
1291,0.0,0.0,0
1294,0.0,0.0,0
1300,0.0,0.0,0
1301,0.0,0.0,0
1302,0.0,0.0,0
1303,0.0,0.0,0
1304,0.0,0.0,0
1307,0.0,0.0,0
1308,0.0,0.0,0
1309,0.0,0.0,0
1311,0.0,0.0,0
1312,0.0,0.0,0
1315,0.0,0.0,0
1316,0.0,0.0,0
1317,0.0,0.0,0
1335,0.0,0.0,0
1337,0.0,0.0,0
1338,0.0,0.0,0
1357,0.0,0.0,0
1365,0.0,0.0,0
1374,0.0,0.0,0
1377,0.0,0.0,0
1378,0.0,0.0,0
1379,0.0,0.0,0
1380,0.0,0.0,0
1389,0.0,0.0,0
1396,0.0,0.0,0
1398,0.0,0.0,0
1399,0.0,0.0,0
1400,0.0,0.0,0
1401,0.0,0.0,0
1403,0.0,0.0,0
1408,0.0,0.0,0
1412,0.0,0.0,0
1413,0.0,0.0,0
1414,0.0,0.0,0
1418,0.0,0.0,0
1419,0.0,0.0,0
1420,0.0,0.0,0
1421,0.0,0.0,0
1422,0.0,0.0,0
1423,0.0,0.0,0
1424,0.0,0.0,0
1428,0.0,0.0,0
1429,0.0,0.0,0
1431,0.0,0.0,0
1434,0.0,0.0,0
1437,0.0,0.0,0
1438,0.0,0.0,0
1439,0.0,0.0,0
1440,0.0,0.0,0
1445,0.0,0.0,0
1446,0.0,0.0,0
1454,0.0,0.0,0
1477,0.0,0.0,0
1483,0.0,0.0,0
1488,0.0,0.0,0
1490,0.0,0.0,0
1491,0.0,0.0,0
1493,0.0,0.0,0
1497,0.0,0.0,0
1505,0.0,0.0,0
1506,0.0,0.0,0
1507,0.0,0.0,0
1508,0.0,0.0,0
1509,0.0,0.0,0
1510,0.0,0.0,0
1511,0.0,0.0,0
1519,0.0,0.0,0
1523,0.0,0.0,0
1524,0.0,0.0,0
1526,0.0,0.0,0
1527,0.0,0.0,0
1528,0.0,0.0,0
1535,0.0,0.0,0
1536,0.0,0.0,0
1539,0.0,0.0,0
1546,0.0,0.0,0
1548,0.0,0.0,0
1553,0.0,0.0,0
1554,0.0,0.0,0
1555,0.0,0.0,0
1559,0.0,0.0,0
1560,0.0,0.0,0
1573,0.0,0.0,0
1575,0.0,0.0,0
1578,0.0,0.0,0
1579,0.0,0.0,0
1580,0.0,0.0,0
1583,0.0,0.0,0
1587,0.0,0.0,0
1588,0.0,0.0,0
1589,0.0,0.0,0
1590,0.0,0.0,0
1591,0.0,0.0,0
1592,0.0,0.0,0
1593,0.0,0.0,0
1594,0.0,0.0,0
1597,0.0,0.0,0
1598,0.0,0.0,0
1601,0.0,0.0,0
1604,0.0,0.0,0
1609,0.0,0.0,0
1611,0.0,0.0,0
1612,0.0,0.0,0
1616,0.0,0.0,0
1617,0.0,0.0,0
1618,0.0,0.0,0
1619,0.0,0.0,0
1622,0.0,0.0,0
1628,0.0,0.0,0
1629,0.0,0.0,0
1630,0.0,0.0,0
1647,0.0,0.0,0
1651,0.0,0.0,0
1653,0.0,0.0,0
1656,0.0,0.0,0
1657,0.0,0.0,0
1660,0.0,0.0,0
1661,0.0,0.0,0
1670,0.0,0.0,0
1673,0.0,0.0,0
1677,0.0,0.0,0
1678,0.0,0.0,0
1680,0.0,0.0,0
1688,0.0,0.0,0
1690,0.0,0.0,0
1691,0.0,0.0,0
1694,0.0,0.0,0
1695,0.0,0.0,0
1698,0.0,0.0,0
1701,0.0,0.0,0
1702,0.0,0.0,0
1703,0.0,0.0,0
1705,0.0,0.0,0
1706,0.0,0.0,0
1708,0.0,0.0,0
1710,0.0,0.0,0
1711,0.0,0.0,0
1713,0.0,0.0,0
1714,0.0,0.0,0
1715,0.0,0.0,0
1716,0.0,0.0,0
1717,0.0,0.0,0
1724,0.0,0.0,0
1738,0.0,0.0,0
1739,0.0,0.0,0
1741,0.0,0.0,0
1742,0.0,0.0,0
1743,0.0,0.0,0
1745,0.0,0.0,0
1749,0.0,0.0,0
1754,0.0,0.0,0
1755,0.0,0.0,0
1761,0.0,0.0,0
1762,0.0,0.0,0
1763,0.0,0.0,0
1765,0.0,0.0,0
1766,0.0,0.0,0
1769,0.0,0.0,0
1770,0.0,0.0,0
1772,0.0,0.0,0
1773,0.0,0.0,0
1774,0.0,0.0,0
1775,0.0,0.0,0
1776,0.0,0.0,0
1777,0.0,0.0,0
1778,0.0,0.0,0
1780,0.0,0.0,0
1782,0.0,0.0,0
1783,0.0,0.0,0
1784,0.0,0.0,0
1788,0.0,0.0,0
1790,0.0,0.0,0
1792,0.0,0.0,0
1796,0.0,0.0,0
1799,0.0,0.0,0
1800,0.0,0.0,0
1802,0.0,0.0,0
1805,0.0,0.0,0
1806,0.0,0.0,0
1808,0.0,0.0,0
1809,0.0,0.0,0
1814,0.0,0.0,0
1816,0.0,0.0,0
1817,0.0,0.0,0
1820,0.0,0.0,0
1823,0.0,0.0,0
1826,0.0,0.0,0
1830,0.0,0.0,0
1831,0.0,0.0,0
1832,0.0,0.0,0
1834,0.0,0.0,0
1837,0.0,0.0,0
1839,0.0,0.0,0
1841,0.0,0.0,0
1842,0.0,0.0,0
1843,0.0,0.0,0
1857,0.0,0.0,0
1860,0.0,0.0,0
1861,0.0,0.0,0
1866,0.0,0.0,0
1867,0.0,0.0,0
1869,0.0,0.0,0
1870,0.0,0.0,0
1871,0.0,0.0,0
1872,0.0,0.0,0
1873,0.0,0.0,0
1874,0.0,0.0,0
1876,0.0,0.0,0
1879,0.0,0.0,0
1889,0.0,0.0,0
1891,0.0,0.0,0
1896,0.0,0.0,0
1897,0.0,0.0,0
1899,0.0,0.0,0
1901,0.0,0.0,0
1903,0.0,0.0,0
1905,0.0,0.0,0
1906,0.0,0.0,0
1908,0.0,0.0,0
1909,0.0,0.0,0
1910,0.0,0.0,0
1914,0.0,0.0,0
1915,0.0,0.0,0
1916,0.0,0.0,0
1918,0.0,0.0,0
1924,0.0,0.0,0
1925,0.0,0.0,0
1926,0.0,0.0,0
1929,0.0,0.0,0
1931,0.0,0.0,0
1932,0.0,0.0,0
1933,0.0,0.0,0
1940,0.0,0.0,0
1941,0.0,0.0,0
1942,0.0,0.0,0
1947,0.0,0.0,0
1952,0.0,0.0,0
1953,0.0,0.0,0
1954,0.0,0.0,0
1957,0.0,0.0,0
1958,0.0,0.0,0
1959,0.0,0.0,0
1960,0.0,0.0,0
1961,0.0,0.0,0
1962,0.0,0.0,0
1963,0.0,0.0,0
1964,0.0,0.0,0
1965,0.0,0.0,0
1967,0.0,0.0,0
1968,0.0,0.0,0
1969,0.0,0.0,0
1970,0.0,0.0,0
1971,0.0,0.0,0
1973,0.0,0.0,0
1974,0.0,0.0,0
1975,0.0,0.0,0
1993,0.0,0.0,0
1999,0.0,0.0,0
2000,0.0,0.0,0
2001,0.0,0.0,0
2005,0.0,0.0,0
2007,0.0,0.0,0
2009,0.0,0.0,0
2010,0.0,0.0,0
2012,0.0,0.0,0
2015,0.0,0.0,0
2016,0.0,0.0,0
2019,0.0,0.0,0
2022,0.0,0.0,0
2023,0.0,0.0,0
2024,0.0,0.0,0
2025,0.0,0.0,0
2028,0.0,0.0,0
2031,0.0,0.0,0
2042,0.0,0.0,0
2045,0.0,0.0,0
2050,0.0,0.0,0
2051,0.0,0.0,0
2056,0.0,0.0,0
2058,0.0,0.0,0
2059,0.0,0.0,0
2060,0.0,0.0,0
2064,0.0,0.0,0
2066,0.0,0.0,0
2067,0.0,0.0,0
2068,0.0,0.0,0
2071,0.0,0.0,0
2072,0.0,0.0,0
2073,0.0,0.0,0
2077,0.0,0.0,0
2079,0.0,0.0,0
2081,0.0,0.0,0
2082,0.0,0.0,0
2084,0.0,0.0,0
2085,0.0,0.0,0
2086,0.0,0.0,0
2087,0.0,0.0,0
2088,0.0,0.0,0
2096,0.0,0.0,0
2097,0.0,0.0,0
2104,0.0,0.0,0
2110,0.0,0.0,0
2111,0.0,0.0,0
2112,0.0,0.0,0
2113,0.0,0.0,0
2123,0.0,0.0,0
2124,0.0,0.0,0
2131,0.0,0.0,0
2134,0.0,0.0,0
2138,0.0,0.0,0
2140,0.0,0.0,0
2144,0.0,0.0,0
2146,0.0,0.0,0
2147,0.0,0.0,0
2148,0.0,0.0,0
2149,0.0,0.0,0
2150,0.0,0.0,0
2155,0.0,0.0,0
2157,0.0,0.0,0
2161,0.0,0.0,0
2162,0.0,0.0,0
2163,0.0,0.0,0
2165,0.0,0.0,0
2168,0.0,0.0,0
2169,0.0,0.0,0
2174,0.0,0.0,0
2175,0.0,0.0,0
2176,0.0,0.0,0
2177,0.0,0.0,0
2178,0.0,0.0,0
2184,0.0,0.0,0
2190,0.0,0.0,0
2192,0.0,0.0,0
2198,0.0,0.0,0
2204,0.0,0.0,0
2207,0.0,0.0,0
2209,0.0,0.0,0
2211,0.0,0.0,0
2216,0.0,0.0,0
2222,0.0,0.0,0
2225,0.0,0.0,0
2226,0.0,0.0,0
2227,0.0,0.0,0
2228,0.0,0.0,0
2234,0.0,0.0,0
2237,0.0,0.0,0
2239,0.0,0.0,0
2240,0.0,0.0,0
2241,0.0,0.0,0
2242,0.0,0.0,0
2243,0.0,0.0,0
2245,0.0,0.0,0
2246,0.0,0.0,0
2247,0.0,0.0,0
2248,0.0,0.0,0
2251,0.0,0.0,0
2254,0.0,0.0,0
2257,0.0,0.0,0
2259,0.0,0.0,0
2260,0.0,0.0,0
2262,0.0,0.0,0
2263,0.0,0.0,0
2264,0.0,0.0,0
2265,0.0,0.0,0
2266,0.0,0.0,0
2267,0.0,0.0,0
2268,0.0,0.0,0
2269,0.0,0.0,0
2270,0.0,0.0,0
2271,0.0,0.0,0
2273,0.0,0.0,0
2274,0.0,0.0,0
2275,0.0,0.0,0
2276,0.0,0.0,0
2277,0.0,0.0,0
2278,0.0,0.0,0
2283,0.0,0.0,0
2288,0.0,0.0,0
2289,0.0,0.0,0
2290,0.0,0.0,0
2291,0.0,0.0,0
2292,0.0,0.0,0
2293,0.0,0.0,0
2294,0.0,0.0,0
2298,0.0,0.0,0
2299,0.0,0.0,0
2302,0.0,0.0,0
2303,0.0,0.0,0
2305,0.0,0.0,0
2315,0.0,0.0,0
2316,0.0,0.0,0
2317,0.0,0.0,0
2319,0.0,0.0,0
2322,0.0,0.0,0
2327,0.0,0.0,0
2330,0.0,0.0,0
2333,0.0,0.0,0
2334,0.0,0.0,0
2337,0.0,0.0,0
2341,0.0,0.0,0
2343,0.0,0.0,0
2344,0.0,0.0,0
2346,0.0,0.0,0
2350,0.0,0.0,0
2355,0.0,0.0,0
2356,0.0,0.0,0
2357,0.0,0.0,0
2359,0.0,0.0,0
304,3.0,0.0,1
1336,7.0,0.0,1
2320,32.0,3.0,1
792,3.0,1.0,1
314,1.0,0.0,1
203,2.0,0.0,1
1946,1.0,3.0,1
63,7.0,0.0,1
1723,2.0,8.0,1
341,0.0,11.0,1
1395,1.0,0.0,1
644,9.0,1.0,1
1011,6.0,11.0,1
1383,14.0,3.0,1
256,0.0,49.0,1
1216,24.0,2.0,1
298,40.0,2.0,1
2339,4.0,0.0,1
1853,23.0,1.0,1
381,45.0,0.0,1
1849,12.0,0.0,1
926,1.0,0.0,1
2116,6.0,0.0,1
1085,1.0,0.0,1
1457,1.0,0.0,1
1299,1.0,0.0,1
2194,10.0,0.0,1
1246,5.0,6.0,1
574,10.0,4.0,1
804,8.0,0.0,1
484,28.0,0.0,1
1384,3.0,0.0,1
947,1.0,0.0,1
66,23.0,21.0,1
740,1.0,0.0,1
2048,1.0,0.0,1
2311,1.0,0.0,1
1585,16.0,0.0,1
1425,6.0,8.0,1
181,0.0,6.0,1
1480,5.0,0.0,1
1892,21.0,0.0,1
1427,0.0,2.0,1
1944,3.0,0.0,1
2136,16.0,6.0,1
555,16.0,0.0,1
1913,35.0,14.0,1
1596,36.0,1.0,1
2351,1.0,0.0,1
1603,1.0,1.0,1
710,0.0,1.0,1
2238,33.0,1.0,1
1473,13.0,0.0,1
381,45.0,0.0,1
1447,1.0,0.0,1
2215,1.0,0.0,1
1819,41.0,5.0,1
63,7.0,0.0,1
2279,5.0,0.0,1
505,30.0,0.0,1
798,1.0,0.0,1
1248,8.0,1.0,1
1681,6.0,5.0,1
957,1.0,0.0,1
53,12.0,0.0,1
700,2.0,0.0,1
2127,5.0,7.0,1
1088,21.0,0.0,1
1600,2.0,5.0,1
1064,4.0,0.0,1
267,8.0,0.0,1
1202,0.0,1.0,1
1373,1.0,0.0,1
1327,1.0,21.0,1
1478,3.0,2.0,1
2126,6.0,0.0,1
102,12.0,0.0,1
616,1.0,0.0,1
228,2.0,47.0,1
1586,1.0,0.0,1
2339,4.0,0.0,1
1248,8.0,1.0,1
9,2.0,0.0,1
1256,27.0,0.0,1
1602,0.0,1.0,1
310,29.0,8.0,1
2118,28.0,13.0,1
2219,0.0,1.0,1
1430,0.0,1.0,1
1949,0.0,25.0,1
1276,13.0,0.0,1
2013,5.0,0.0,1
1572,1.0,0.0,1
485,12.0,0.0,1
609,4.0,0.0,1
789,31.0,0.0,1
2323,0.0,1.0,1
2212,5.0,4.0,1
792,3.0,1.0,1
1375,23.0,5.0,1
1386,0.0,1.0,1
2004,21.0,0.0,1
736,2.0,0.0,1
1948,3.0,0.0,1
884,12.0,0.0,1
1997,1.0,0.0,1
1988,1.0,0.0,1
2049,15.0,23.0,1
1057,5.0,0.0,1
2354,1.0,0.0,1
170,14.0,0.0,1
2159,8.0,5.0,1
647,3.0,0.0,1
2083,16.0,3.0,1
553,3.0,0.0,1
1229,19.0,0.0,1
1458,19.0,0.0,1
132,1.0,0.0,1
471,16.0,7.0,1
55,6.0,1.0,1
2206,38.0,1.0,1
191,1.0,0.0,1
2311,1.0,0.0,1
2261,19.0,0.0,1
1501,11.0,0.0,1
1085,1.0,0.0,1
375,2.0,0.0,1
1821,1.0,0.0,1
1411,24.0,0.0,1
186,0.0,17.0,1
402,1.0,0.0,1
1466,36.0,0.0,1
1665,5.0,0.0,1
1262,1.0,0.0,1
1883,33.0,0.0,1
1314,22.0,0.0,1
836,1.0,0.0,1
1227,0.0,3.0,1
2119,28.0,0.0,1
1455,1.0,0.0,1
682,6.0,2.0,1
132,1.0,0.0,1
86,12.0,1.0,1
394,1.0,2.0,1
601,25.0,0.0,1
2272,16.0,0.0,1
2132,1.0,0.0,1
99,32.0,0.0,1
156,11.0,13.0,1
1471,3.0,2.0,1
1289,1.0,0.0,1
1623,16.0,0.0,1
2006,2.0,0.0,1
2193,15.0,0.0,1
293,2.0,0.0,1
1895,1.0,1.0,1
2339,4.0,0.0,1
1998,1.0,0.0,1
1561,1.0,4.0,1
2034,0.0,2.0,1
1721,12.0,23.0,1
1386,0.0,1.0,1
1810,2.0,0.0,1
2105,4.0,0.0,1
27,35.0,0.0,1
649,6.0,0.0,1
1471,3.0,2.0,1
2100,15.0,0.0,1
1272,1.0,1.0,1
2338,18.0,0.0,1
2166,4.0,11.0,1
1263,1.0,0.0,1
617,5.0,0.0,1
55,6.0,1.0,1
2313,3.0,0.0,1
1569,10.0,0.0,1
1385,20.0,1.0,1
1921,23.0,4.0,1
1624,4.0,0.0,1
2324,0.0,1.0,1
2039,3.0,7.0,1
697,2.0,1.0,1
1599,0.0,3.0,1
282,1.0,0.0,1
2026,2.0,2.0,1
1447,1.0,0.0,1
1289,1.0,0.0,1
682,6.0,2.0,1
2049,15.0,23.0,1
1833,0.0,1.0,1
510,14.0,0.0,1
1547,12.0,0.0,1
122,7.0,26.0,1
1513,5.0,0.0,1
475,19.0,1.0,1
2261,19.0,0.0,1
1943,1.0,0.0,1
707,5.0,0.0,1
252,4.0,0.0,1
2167,3.0,0.0,1
1634,22.0,1.0,1
1892,21.0,0.0,1
1574,1.0,0.0,1
1623,16.0,0.0,1
1815,16.0,0.0,1
2167,3.0,0.0,1
86,12.0,1.0,1
1729,3.0,0.0,1
1572,1.0,0.0,1
1064,4.0,0.0,1
2180,2.0,0.0,1
1011,6.0,11.0,1
1801,9.0,1.0,1
1474,1.0,0.0,1
1095,1.0,0.0,1
1415,40.0,0.0,1
682,6.0,2.0,1
555,16.0,0.0,1
666,7.0,0.0,1
1244,2.0,3.0,1
1224,0.0,3.0,1
820,1.0,0.0,1
1768,5.0,0.0,1
1756,19.0,0.0,1
2041,12.0,0.0,1
763,2.0,0.0,1
1146,4.0,0.0,1
1977,1.0,0.0,1
1375,23.0,5.0,1
1295,4.0,0.0,1
1822,1.0,0.0,1
970,1.0,0.0,1
1885,1.0,0.0,1
666,7.0,0.0,1
2215,1.0,0.0,1
688,2.0,0.0,1
1895,1.0,1.0,1
1853,23.0,1.0,1
2229,9.0,0.0,1
1220,16.0,0.0,1
1878,7.0,0.0,1
1707,1.0,0.0,1
1411,24.0,0.0,1
686,48.0,0.0,1
1922,16.0,5.0,1
325,13.0,0.0,1
2235,3.0,0.0,1
1463,29.0,0.0,1
1351,0.0,7.0,1
1599,0.0,3.0,1
784,20.0,2.0,1
1479,1.0,0.0,1
2195,1.0,0.0,1
1246,5.0,6.0,1
1247,3.0,33.0,1
325,13.0,0.0,1
1721,12.0,23.0,1
1750,13.0,16.0,1
228,2.0,47.0,1
1943,1.0,0.0,1
325,13.0,0.0,1
9,2.0,0.0,1
1807,16.0,0.0,1
654,1.0,0.0,1
1602,0.0,1.0,1
2309,5.0,0.0,1
2030,45.0,4.0,1
666,7.0,0.0,1
1244,2.0,3.0,1
1278,1.0,0.0,1
1797,1.0,0.0,1
376,5.0,0.0,1
170,14.0,0.0,1
1895,1.0,1.0,1
2013,5.0,0.0,1
1878,7.0,0.0,1
1977,1.0,0.0,1
1306,5.0,0.0,1
719,16.0,0.0,1
2252,2.0,0.0,1
1347,0.0,2.0,1
612,34.0,0.0,1
541,1.0,0.0,1
359,28.0,1.0,1
1275,6.0,0.0,1
2100,15.0,0.0,1
873,4.0,0.0,1
814,2.0,0.0,1
2253,15.0,5.0,1
2363,1.0,0.0,1
1718,4.0,0.0,1
598,1.0,0.0,1
1480,5.0,0.0,1
2054,8.0,7.0,1
420,4.0,37.0,1
1712,1.0,0.0,1
601,25.0,0.0,1
361,1.0,2.0,1
551,19.0,1.0,1
997,1.0,0.0,1
1388,2.0,3.0,1
1106,30.0,0.0,1
2117,14.0,1.0,1
1846,1.0,0.0,1
2083,16.0,3.0,1
1278,1.0,0.0,1
1088,21.0,0.0,1
1480,5.0,0.0,1
424,5.0,0.0,1
430,2.0,0.0,1
2324,0.0,1.0,1
1978,11.0,21.0,1
2217,4.0,0.0,1
1453,1.0,0.0,1
1801,9.0,1.0,1
1566,27.0,1.0,1
1057,5.0,0.0,1
2339,4.0,0.0,1
1804,1.0,0.0,1
2130,1.0,0.0,1
1415,40.0,0.0,1
437,0.0,4.0,1
1305,0.0,1.0,1
887,9.0,0.0,1
1719,23.0,4.0,1
767,7.0,1.0,1
2083,16.0,3.0,1
420,4.0,37.0,1
1088,21.0,0.0,1
1736,17.0,0.0,1
1615,7.0,2.0,1
2360,4.0,0.0,1
9,2.0,0.0,1
911,7.0,0.0,1
744,8.0,1.0,1
1827,0.0,38.0,1
1371,1.0,0.0,1
123,3.0,8.0,1
475,19.0,1.0,1
33,1.0,5.0,1
686,48.0,0.0,1
293,2.0,0.0,1
1840,2.0,0.0,1
2212,5.0,4.0,1
623,42.0,0.0,1
381,45.0,0.0,1
1283,6.0,5.0,1
439,1.0,2.0,1
173,4.0,0.0,1
339,0.0,20.0,1
1880,1.0,0.0,1
1756,19.0,0.0,1
1652,1.0,0.0,1
1750,13.0,16.0,1
1318,25.0,1.0,1
1321,3.0,0.0,1
305,4.0,1.0,1
2304,11.0,3.0,1
744,8.0,1.0,1
669,1.0,0.0,1
322,0.0,4.0,1
1479,1.0,0.0,1
1415,40.0,0.0,1
293,2.0,0.0,1
443,2.0,0.0,1
2320,32.0,3.0,1
2353,1.0,0.0,1
1057,5.0,0.0,1
1955,2.0,4.0,1
2219,0.0,1.0,1
486,15.0,0.0,1
1988,1.0,0.0,1
1890,3.0,1.0,1
484,28.0,0.0,1
1636,1.0,0.0,1
2187,8.0,0.0,1
1272,1.0,1.0,1
804,8.0,0.0,1
2212,5.0,4.0,1
1472,2.0,0.0,1
1262,1.0,0.0,1
394,1.0,2.0,1
577,16.0,4.0,1
1275,6.0,0.0,1
1801,9.0,1.0,1
99,32.0,0.0,1
1917,33.0,1.0,1
1384,3.0,0.0,1
2362,41.0,1.0,1
1409,11.0,13.0,1
1221,0.0,4.0,1
66,23.0,21.0,1
2052,2.0,4.0,1
1875,23.0,0.0,1
129,5.0,0.0,1
678,11.0,1.0,1
1179,5.0,0.0,1
1596,36.0,1.0,1
1344,9.0,0.0,1
2126,6.0,0.0,1
820,1.0,0.0,1
85,12.0,1.0,1
667,16.0,1.0,1
804,8.0,0.0,1
2180,2.0,0.0,1
1712,1.0,0.0,1
827,1.0,0.0,1
2354,1.0,0.0,1
1441,1.0,13.0,1
1371,1.0,0.0,1
2231,8.0,0.0,1
2212,5.0,4.0,1
1840,2.0,0.0,1
1492,44.0,1.0,1
1561,1.0,4.0,1
574,10.0,4.0,1
163,4.0,0.0,1
1481,10.0,0.0,1
57,17.0,0.0,1
511,1.0,0.0,1
654,1.0,0.0,1
472,21.0,0.0,1
1430,0.0,1.0,1
144,44.0,0.0,1
1216,24.0,2.0,1
1495,37.0,0.0,1
293,2.0,0.0,1
2041,12.0,0.0,1
123,3.0,8.0,1
814,2.0,0.0,1
1106,30.0,0.0,1
1463,29.0,0.0,1
898,1.0,0.0,1
531,0.0,2.0,1
1699,2.0,0.0,1
293,2.0,0.0,1
1944,3.0,0.0,1
332,1.0,0.0,1
572,5.0,1.0,1
740,1.0,0.0,1
484,28.0,0.0,1
748,0.0,1.0,1
993,14.0,6.0,1
370,5.0,0.0,1
58,17.0,0.0,1
2160,31.0,8.0,1
2027,6.0,0.0,1
1602,0.0,1.0,1
1613,3.0,6.0,1
993,14.0,6.0,1
2339,4.0,0.0,1
1912,17.0,0.0,1
2159,8.0,5.0,1
1752,2.0,0.0,1
834,8.0,0.0,1
2308,6.0,0.0,1
1852,6.0,3.0,1
1798,11.0,0.0,1
467,1.0,0.0,1
1455,1.0,0.0,1
1246,5.0,6.0,1
2139,1.0,0.0,1
305,4.0,1.0,1
1263,1.0,0.0,1
2203,15.0,17.0,1
716,9.0,0.0,1
515,33.0,0.0,1
130,38.0,0.0,1
1430,0.0,1.0,1
1892,21.0,0.0,1
2070,42.0,1.0,1
1542,8.0,22.0,1
2328,7.0,0.0,1
2214,1.0,0.0,1
1290,3.0,0.0,1
1513,5.0,0.0,1
2230,21.0,3.0,1
1474,1.0,0.0,1
2223,14.0,0.0,1
122,7.0,26.0,1
1907,3.0,0.0,1
61,43.0,0.0,1
984,1.0,0.0,1
2126,6.0,0.0,1
1481,10.0,0.0,1
1274,5.0,0.0,1
1829,32.0,1.0,1
2362,41.0,1.0,1
1410,2.0,0.0,1
418,5.0,12.0,1
267,8.0,0.0,1
1129,2.0,0.0,1
2249,35.0,0.0,1
2183,2.0,0.0,1
2004,21.0,0.0,1
2308,6.0,0.0,1
167,1.0,0.0,1
1854,19.0,0.0,1
1936,0.0,9.0,1
1624,4.0,0.0,1
555,16.0,0.0,1
362,3.0,11.0,1
436,6.0,0.0,1
947,1.0,0.0,1
1613,3.0,6.0,1
1076,1.0,0.0,1
912,4.0,0.0,1
1922,16.0,5.0,1
1892,21.0,0.0,1
2258,5.0,8.0,1
2136,16.0,6.0,1
173,4.0,0.0,1
1356,7.0,1.0,1
1721,12.0,23.0,1
776,1.0,0.0,1
170,14.0,0.0,1
1615,7.0,2.0,1
1729,3.0,0.0,1
27,35.0,0.0,1
304,3.0,0.0,1
585,2.0,0.0,1
2122,2.0,0.0,1
2352,29.0,6.0,1
2363,1.0,0.0,1
1117,10.0,3.0,1
153,45.0,0.0,1
2328,7.0,0.0,1
2220,12.0,0.0,1
2217,4.0,0.0,1
1835,35.0,4.0,1
785,11.0,0.0,1
1209,10.0,0.0,1
1789,6.0,0.0,1
310,29.0,8.0,1
1875,23.0,0.0,1
1840,2.0,0.0,1
1836,22.0,2.0,1
339,0.0,20.0,1
2236,20.0,0.0,1
2142,7.0,0.0,1
1687,35.0,2.0,1
177,0.0,1.0,1
1088,21.0,0.0,1
2037,22.0,0.0,1
1416,16.0,0.0,1
333,1.0,0.0,1
2235,3.0,0.0,1
2158,2.0,12.0,1
368,1.0,0.0,1
1263,1.0,0.0,1
1804,1.0,0.0,1
177,0.0,1.0,1
1781,23.0,1.0,1
1482,5.0,1.0,1
2053,1.0,0.0,1
2188,35.0,2.0,1
282,1.0,0.0,1
1797,1.0,0.0,1
335,1.0,0.0,1
1584,36.0,0.0,1
1681,6.0,5.0,1
1452,37.0,7.0,1
691,2.0,0.0,1
2364,11.0,0.0,1
793,26.0,0.0,1
554,1.0,0.0,1
1950,20.0,3.0,1
1360,26.0,15.0,1
1637,23.0,0.0,1
2154,1.0,0.0,1
2320,32.0,3.0,1
719,16.0,0.0,1
209,1.0,1.0,1
465,1.0,0.0,1
1835,35.0,4.0,1
1334,3.0,41.0,1
252,4.0,0.0,1
1935,0.0,2.0,1
830,1.0,0.0,1
654,1.0,0.0,1
196,12.0,1.0,1
153,45.0,0.0,1
270,3.0,0.0,1
2052,2.0,4.0,1
1371,1.0,0.0,1
613,43.0,2.0,1
649,6.0,0.0,1
1416,16.0,0.0,1
1331,5.0,5.0,1
1065,7.0,0.0,1
1566,27.0,1.0,1
1720,16.0,28.0,1
836,1.0,0.0,1
744,8.0,1.0,1
2026,2.0,2.0,1
1137,2.0,0.0,1
71,1.0,0.0,1
2076,16.0,0.0,1
1502,1.0,1.0,1
2069,19.0,2.0,1
2253,15.0,5.0,1
298,40.0,2.0,1
2188,35.0,2.0,1
530,0.0,17.0,1
663,8.0,0.0,1
2076,16.0,0.0,1
1840,2.0,0.0,1
1351,0.0,7.0,1
1707,1.0,0.0,1
2105,4.0,0.0,1
996,17.0,0.0,1
1492,44.0,1.0,1
56,8.0,0.0,1
2159,8.0,5.0,1
1038,0.0,1.0,1
2070,42.0,1.0,1
762,1.0,0.0,1
1463,29.0,0.0,1
475,19.0,1.0,1
1425,6.0,8.0,1
2304,11.0,3.0,1
1853,23.0,1.0,1
1920,9.0,1.0,1
1883,33.0,0.0,1
1229,19.0,0.0,1
1557,1.0,0.0,1
1921,23.0,4.0,1
1326,12.0,0.0,1
1721,12.0,23.0,1
784,20.0,2.0,1
2250,12.0,0.0,1
1633,3.0,5.0,1
1310,7.0,1.0,1
507,16.0,2.0,1
2280,5.0,1.0,1
137,20.0,0.0,1
1572,1.0,0.0,1
830,1.0,0.0,1
1271,1.0,1.0,1
43,1.0,0.0,1
1699,2.0,0.0,1
898,1.0,0.0,1
740,1.0,0.0,1
1466,36.0,0.0,1
2057,2.0,3.0,1
102,12.0,0.0,1
2004,21.0,0.0,1
2297,2.0,0.0,1
263,31.0,2.0,1
2126,6.0,0.0,1
1689,2.0,0.0,1
1682,12.0,1.0,1
1313,1.0,0.0,1
331,3.0,3.0,1
1726,0.0,2.0,1
585,2.0,0.0,1
2224,20.0,0.0,1
1468,21.0,0.0,1
1752,2.0,0.0,1
1458,19.0,0.0,1
208,0.0,2.0,1
1298,1.0,0.0,1
1223,0.0,1.0,1
1318,25.0,1.0,1
2008,8.0,0.0,1
804,8.0,0.0,1
2075,20.0,0.0,1
1884,41.0,0.0,1
1265,1.0,0.0,1
2332,32.0,1.0,1
1376,8.0,2.0,1
574,10.0,4.0,1
2034,0.0,2.0,1
1919,1.0,2.0,1
293,2.0,0.0,1
1562,1.0,1.0,1
282,1.0,0.0,1
1853,23.0,1.0,1
1852,6.0,3.0,1
555,16.0,0.0,1
2030,45.0,4.0,1
123,3.0,8.0,1
2132,1.0,0.0,1
1208,44.0,1.0,1
1930,21.0,0.0,1
1513,5.0,0.0,1
812,5.0,0.0,1
647,3.0,0.0,1
2328,7.0,0.0,1
2340,6.0,1.0,1
2180,2.0,0.0,1
796,32.0,2.0,1
2360,4.0,0.0,1
185,0.0,13.0,1
1671,6.0,0.0,1
2358,10.0,0.0,1
2008,8.0,0.0,1
1076,1.0,0.0,1
1271,1.0,1.0,1
1943,1.0,0.0,1
60,5.0,0.0,1
516,9.0,0.0,1
1720,16.0,28.0,1
1270,0.0,1.0,1
1358,2.0,2.0,1
686,48.0,0.0,1
209,1.0,1.0,1
777,5.0,0.0,1
1373,1.0,0.0,1
2167,3.0,0.0,1
1986,2.0,0.0,1
2027,6.0,0.0,1
1242,9.0,0.0,1
1599,0.0,3.0,1
2301,20.0,1.0,1
1474,1.0,0.0,1
1202,0.0,1.0,1
420,4.0,37.0,1
2364,11.0,0.0,1
196,12.0,1.0,1
293,2.0,0.0,1
1270,0.0,1.0,1
75,11.0,9.0,1
1402,6.0,2.0,1
1444,13.0,5.0,1
1600,2.0,5.0,1
437,0.0,4.0,1
420,4.0,37.0,1
1610,11.0,0.0,1
130,38.0,0.0,1
318,23.0,1.0,1
1923,32.0,0.0,1
133,14.0,33.0,1
550,19.0,0.0,1
1272,1.0,1.0,1
663,8.0,0.0,1
1781,23.0,1.0,1
386,6.0,0.0,1
486,15.0,0.0,1
644,9.0,1.0,1
2021,1.0,2.0,1
689,1.0,0.0,1
2281,8.0,1.0,1
1838,3.0,0.0,1
2053,1.0,0.0,1
1654,23.0,0.0,1
33,1.0,5.0,1
206,1.0,34.0,1
1457,1.0,0.0,1
740,1.0,0.0,1
678,11.0,1.0,1
1496,0.0,1.0,1
513,11.0,6.0,1
1828,8.0,24.0,1
507,16.0,2.0,1
509,48.0,0.0,1
1263,1.0,0.0,1
2166,4.0,11.0,1
1781,23.0,1.0,1
576,6.0,1.0,1
1494,27.0,1.0,1
91,28.0,0.0,1
492,1.0,0.0,1
1321,3.0,0.0,1
1058,12.0,0.0,1
1821,1.0,0.0,1
1461,10.0,1.0,1
1179,5.0,0.0,1
2244,3.0,0.0,1
1076,1.0,0.0,1
1467,25.0,0.0,1
1836,22.0,2.0,1
1480,5.0,0.0,1
1001,3.0,1.0,1
647,3.0,0.0,1
895,1.0,0.0,1
385,3.0,0.0,1
2191,1.0,0.0,1
197,1.0,38.0,1
736,2.0,0.0,1
1305,0.0,1.0,1
2142,7.0,0.0,1
1358,2.0,2.0,1
2351,1.0,0.0,1
536,2.0,0.0,1
505,30.0,0.0,1
266,12.0,0.0,1
1982,13.0,0.0,1
2313,3.0,0.0,1
1529,3.0,2.0,1
130,38.0,0.0,1
366,11.0,0.0,1
1368,43.0,6.0,1
512,4.0,0.0,1
1828,8.0,24.0,1
2057,2.0,3.0,1
654,1.0,0.0,1
1797,1.0,0.0,1
177,0.0,1.0,1
1846,1.0,0.0,1
1427,0.0,2.0,1
1375,23.0,5.0,1
2231,8.0,0.0,1
1153,1.0,0.0,1
8,1.0,0.0,1
1247,3.0,33.0,1
1095,1.0,0.0,1
555,16.0,0.0,1
1473,13.0,0.0,1
572,5.0,1.0,1
1476,32.0,9.0,1
1208,44.0,1.0,1
1292,1.0,0.0,1
2221,3.0,0.0,1
333,1.0,0.0,1
393,0.0,12.0,1
177,0.0,1.0,1
1572,1.0,0.0,1
1907,3.0,0.0,1
1878,7.0,0.0,1
512,4.0,0.0,1
2231,8.0,0.0,1
2210,3.0,1.0,1
434,4.0,0.0,1
223,4.0,0.0,1
642,18.0,0.0,1
612,34.0,0.0,1
2083,16.0,3.0,1
677,0.0,2.0,1
1884,41.0,0.0,1
669,1.0,0.0,1
1840,2.0,0.0,1
1530,31.0,12.0,1
1350,0.0,8.0,1
1276,13.0,0.0,1
153,45.0,0.0,1
686,48.0,0.0,1
912,4.0,0.0,1
1514,19.0,0.0,1
418,5.0,12.0,1
1305,0.0,1.0,1
1482,5.0,1.0,1
1216,24.0,2.0,1
1602,0.0,1.0,1
763,2.0,0.0,1
1835,35.0,4.0,1
1410,2.0,0.0,1
43,1.0,0.0,1
1010,39.0,0.0,1
2030,45.0,4.0,1
2137,34.0,11.0,1
1141,31.0,0.0,1
1290,3.0,0.0,1
1862,1.0,0.0,1
1216,24.0,2.0,1
32,0.0,2.0,1
341,0.0,11.0,1
1095,1.0,0.0,1
1884,41.0,0.0,1
263,31.0,2.0,1
1821,1.0,0.0,1
1936,0.0,9.0,1
957,1.0,0.0,1
520,1.0,0.0,1
1544,12.0,1.0,1
2020,12.0,4.0,1
2332,32.0,1.0,1
132,1.0,0.0,1
2036,8.0,0.0,1
1950,20.0,3.0,1
1470,7.0,0.0,1
421,29.0,3.0,1
601,25.0,0.0,1
1995,1.0,0.0,1
1385,20.0,1.0,1
2020,12.0,4.0,1
2054,8.0,7.0,1
1581,5.0,0.0,1
1561,1.0,4.0,1
740,1.0,0.0,1
1256,27.0,0.0,1
1667,34.0,0.0,1
2362,41.0,1.0,1
748,0.0,1.0,1
1976,1.0,0.0,1
2210,3.0,1.0,1
1366,0.0,5.0,1
34,47.0,1.0,1
2221,3.0,0.0,1
2180,2.0,0.0,1
700,2.0,0.0,1
725,2.0,0.0,1
2352,29.0,6.0,1
27,35.0,0.0,1
336,1.0,0.0,1
2187,8.0,0.0,1
1220,16.0,0.0,1
191,1.0,0.0,1
422,16.0,3.0,1
664,14.0,0.0,1
694,1.0,0.0,1
516,9.0,0.0,1
2130,1.0,0.0,1
2306,8.0,0.0,1
816,10.0,0.0,1
186,0.0,17.0,1
647,3.0,0.0,1
2308,6.0,0.0,1
2229,9.0,0.0,1
2166,4.0,11.0,1
1919,1.0,2.0,1
1385,20.0,1.0,1
1718,4.0,0.0,1
307,1.0,0.0,1
293,2.0,0.0,1
1480,5.0,0.0,1
1244,2.0,3.0,1
1284,22.0,0.0,1
2220,12.0,0.0,1
1495,37.0,0.0,1
1427,0.0,2.0,1
1976,1.0,0.0,1
2323,0.0,1.0,1
1813,7.0,29.0,1
2335,25.0,0.0,1
2117,14.0,1.0,1
1343,1.0,0.0,1
71,1.0,0.0,1
1600,2.0,5.0,1
1885,1.0,0.0,1
1982,13.0,0.0,1
1382,36.0,1.0,1
239,0.0,2.0,1
421,29.0,3.0,1
245,0.0,5.0,1
213,1.0,0.0,1
1376,8.0,2.0,1
2353,1.0,0.0,1
8,1.0,0.0,1
167,1.0,0.0,1
1907,3.0,0.0,1
1985,1.0,0.0,1
2118,28.0,13.0,1
1359,8.0,0.0,1
1363,13.0,9.0,1
2360,4.0,0.0,1
1452,37.0,7.0,1
2183,2.0,0.0,1
100,5.0,1.0,1
1095,1.0,0.0,1
272,11.0,2.0,1
203,2.0,0.0,1
1566,27.0,1.0,1
465,1.0,0.0,1
724,3.0,0.0,1
1881,5.0,0.0,1
1344,9.0,0.0,1
335,1.0,0.0,1
2117,14.0,1.0,1
913,11.0,0.0,1
784,20.0,2.0,1
173,4.0,0.0,1
690,1.0,0.0,1
1252,1.0,0.0,1
2026,2.0,2.0,1
2078,12.0,1.0,1
2223,14.0,0.0,1
1275,6.0,0.0,1
1736,17.0,0.0,1
2100,15.0,0.0,1
899,1.0,0.0,1
617,5.0,0.0,1
677,0.0,2.0,1
2306,8.0,0.0,1
1634,22.0,1.0,1
208,0.0,2.0,1
1334,3.0,41.0,1
304,3.0,0.0,1
1321,3.0,0.0,1
1950,20.0,3.0,1
2083,16.0,3.0,1
2033,1.0,0.0,1
2194,10.0,0.0,1
913,11.0,0.0,1
287,1.0,0.0,1
2300,19.0,1.0,1
2180,2.0,0.0,1
1029,1.0,0.0,1
2314,7.0,0.0,1
1334,3.0,41.0,1
1360,26.0,15.0,1
925,1.0,0.0,1
722,5.0,2.0,1
499,12.0,1.0,1
1441,1.0,13.0,1
1029,1.0,0.0,1
1550,11.0,9.0,1
2070,42.0,1.0,1
310,29.0,8.0,1
1596,36.0,1.0,1
228,2.0,47.0,1
386,6.0,0.0,1
2179,4.0,0.0,1
398,1.0,0.0,1
541,1.0,0.0,1
1275,6.0,0.0,1
1010,39.0,0.0,1
2139,1.0,0.0,1
1476,32.0,9.0,1
2304,11.0,3.0,1
196,12.0,1.0,1
1558,1.0,0.0,1
2122,2.0,0.0,1
170,14.0,0.0,1
1366,0.0,5.0,1
614,2.0,0.0,1
366,11.0,0.0,1
2044,1.0,0.0,1
137,20.0,0.0,1
2054,8.0,7.0,1
2362,41.0,1.0,1
321,1.0,0.0,1
2075,20.0,0.0,1
1852,6.0,3.0,1
538,1.0,0.0,1
2296,1.0,0.0,1
272,11.0,2.0,1
1220,16.0,0.0,1
1500,1.0,0.0,1
1151,29.0,3.0,1
1934,3.0,0.0,1
815,5.0,0.0,1
577,16.0,4.0,1
2324,0.0,1.0,1
577,16.0,4.0,1
1858,31.0,0.0,1
268,5.0,3.0,1
1878,7.0,0.0,1
184,0.0,17.0,1
1781,23.0,1.0,1
167,1.0,0.0,1
1278,1.0,0.0,1
2151,2.0,0.0,1
27,35.0,0.0,1
1391,43.0,2.0,1
1687,35.0,2.0,1
1892,21.0,0.0,1
2231,8.0,0.0,1
1532,18.0,4.0,1
1284,22.0,0.0,1
2258,5.0,8.0,1
1482,5.0,1.0,1
1813,7.0,29.0,1
686,48.0,0.0,1
1512,6.0,0.0,1
1088,21.0,0.0,1
144,44.0,0.0,1
1558,1.0,0.0,1
213,1.0,0.0,1
2013,5.0,0.0,1
2206,38.0,1.0,1
205,0.0,15.0,1
2164,1.0,0.0,1
722,5.0,2.0,1
153,45.0,0.0,1
340,0.0,40.0,1
643,9.0,0.0,1
694,1.0,0.0,1
175,30.0,0.0,1
1117,10.0,3.0,1
314,1.0,0.0,1
2236,20.0,0.0,1
156,11.0,13.0,1
1620,14.0,2.0,1
1043,1.0,0.0,1
84,17.0,0.0,1
2191,1.0,0.0,1
761,26.0,0.0,1
32,0.0,2.0,1
1750,13.0,16.0,1
2328,7.0,0.0,1
740,1.0,0.0,1
1922,16.0,5.0,1
1987,1.0,0.0,1
899,1.0,0.0,1
1798,11.0,0.0,1
175,30.0,0.0,1
1998,1.0,0.0,1
1514,19.0,0.0,1
1416,16.0,0.0,1
86,12.0,1.0,1
213,1.0,0.0,1
646,4.0,0.0,1
1246,5.0,6.0,1
1179,5.0,0.0,1
1855,1.0,0.0,1
1514,19.0,0.0,1
1943,1.0,0.0,1
937,1.0,0.0,1
2362,41.0,1.0,1
31,2.0,0.0,1
16,17.0,0.0,1
1735,6.0,1.0,1
2052,2.0,4.0,1
1171,1.0,0.0,1
2053,1.0,0.0,1
1476,32.0,9.0,1
798,1.0,0.0,1
1474,1.0,0.0,1
2194,10.0,0.0,1
2034,0.0,2.0,1
2362,41.0,1.0,1
1540,62.0,4.0,2
1381,54.0,0.0,2
134,21.0,64.0,2
1605,69.0,2.0,2
1019,58.0,3.0,2
229,6.0,81.0,2
1540,62.0,4.0,2
1747,53.0,5.0,2
1079,74.0,0.0,2
1320,36.0,49.0,2
1692,74.0,0.0,2
1469,69.0,0.0,2
1545,61.0,0.0,2
2199,16.0,50.0,2
1844,54.0,2.0,2
2152,83.0,0.0,2
683,64.0,0.0,2
2,28.0,45.0,2
1320,36.0,49.0,2
501,76.0,0.0,2
1818,56.0,0.0,2
229,6.0,81.0,2
759,48.0,7.0,2
288,67.0,0.0,2
1339,13.0,39.0,2
624,65.0,0.0,2
780,54.0,2.0,2
134,21.0,64.0,2
650,94.0,1.0,2
1606,4.0,58.0,2
734,84.0,3.0,2
910,68.0,0.0,2
1844,54.0,2.0,2
650,94.0,1.0,2
1894,86.0,0.0,2
229,6.0,81.0,2
1027,75.0,14.0,2
159,61.0,0.0,2
1847,57.0,0.0,2
1339,13.0,39.0,2
803,94.0,0.0,2
92,46.0,11.0,2
21,47.0,15.0,2
1352,0.0,84.0,2
683,64.0,0.0,2
1818,56.0,0.0,2
1249,64.0,4.0,2
1362,36.0,17.0,2
1632,45.0,5.0,2
20,55.0,16.0,2
473,69.0,0.0,2
1200,45.0,8.0,2
631,35.0,16.0,2
1545,61.0,0.0,2
1847,57.0,0.0,2
2,28.0,45.0,2
1859,4.0,84.0,2
685,53.0,0.0,2
1595,51.0,0.0,2
7,54.0,0.0,2
685,53.0,0.0,2
2092,69.0,2.0,2
540,55.0,5.0,2
92,46.0,11.0,2
1393,74.0,23.0,2
618,90.0,0.0,2
134,21.0,64.0,2
517,98.0,0.0,2
1210,59.0,2.0,2
1632,45.0,5.0,2
683,64.0,0.0,2
299,65.0,1.0,2
2342,67.0,0.0,2
1759,50.0,0.0,2
522,96.0,1.0,2
134,21.0,64.0,2
560,48.0,23.0,2
928,54.0,0.0,2
1339,13.0,39.0,2
999,61.0,0.0,2
21,47.0,15.0,2
1320,36.0,49.0,2
1803,31.0,21.0,2
1902,3.0,53.0,2
903,70.0,0.0,2
1980,62.0,0.0,2
1200,45.0,8.0,2
1902,3.0,53.0,2
438,66.0,0.0,2
1757,51.0,21.0,2
17,58.0,10.0,2
522,96.0,1.0,2
380,57.0,1.0,2
1894,86.0,0.0,2
1019,58.0,3.0,2
45,98.0,0.0,2
438,66.0,0.0,2
618,90.0,0.0,2
2196,85.0,0.0,2
831,76.0,0.0,2
493,63.0,0.0,2
1462,43.0,11.0,2
1545,61.0,0.0,2
473,69.0,0.0,2
1485,49.0,1.0,2
1844,54.0,2.0,2
1,67.0,13.0,2
17,58.0,10.0,2
2018,88.0,0.0,2
1540,62.0,4.0,2
347,37.0,15.0,2
1927,67.0,2.0,2
134,21.0,64.0,2
1352,0.0,84.0,2
532,83.0,9.0,2
1759,50.0,0.0,2
903,70.0,0.0,2
1394,60.0,0.0,2
662,70.0,1.0,2
1394,60.0,0.0,2
1847,57.0,0.0,2
2196,85.0,0.0,2
2035,60.0,13.0,2
382,96.0,3.0,2
476,66.0,3.0,2
52,16.0,34.0,2
999,61.0,0.0,2
1259,66.0,1.0,2
380,57.0,1.0,2
951,85.0,0.0,2
560,48.0,23.0,2
831,76.0,0.0,2
1859,4.0,84.0,2
380,57.0,1.0,2
380,57.0,1.0,2
1606,4.0,58.0,2
540,55.0,5.0,2
1249,64.0,4.0,2
391,65.0,0.0,2
1079,74.0,0.0,2
1795,51.0,4.0,2
1362,36.0,17.0,2
1803,31.0,21.0,2
1737,60.0,0.0,2
347,37.0,15.0,2
1737,60.0,0.0,2
1668,70.0,11.0,2
3,47.0,49.0,2
1540,62.0,4.0,2
2348,16.0,36.0,2
1927,67.0,2.0,2
831,76.0,0.0,2
650,94.0,1.0,2
2199,16.0,50.0,2
780,54.0,2.0,2
1696,91.0,3.0,2
1394,60.0,0.0,2
1641,84.0,0.0,2
831,76.0,0.0,2
662,70.0,1.0,2
45,98.0,0.0,2
503,48.0,23.0,2
1818,56.0,0.0,2
1844,54.0,2.0,2
1641,84.0,0.0,2
1485,49.0,1.0,2
1641,84.0,0.0,2
1200,45.0,8.0,2
1641,84.0,0.0,2
2,28.0,45.0,2
1818,56.0,0.0,2
685,53.0,0.0,2
1297,53.0,6.0,2
1803,31.0,21.0,2
2102,0.0,60.0,2
1779,90.0,0.0,2
1818,56.0,0.0,2
683,64.0,0.0,2
985,68.0,7.0,2
1757,51.0,21.0,2
2089,37.0,19.0,2
501,76.0,0.0,2
299,65.0,1.0,2
986,79.0,0.0,2
1668,70.0,11.0,2
1426,78.0,4.0,2
1980,62.0,0.0,2
2080,64.0,1.0,2
1406,57.0,0.0,2
1759,50.0,0.0,2
998,78.0,0.0,2
1381,54.0,0.0,2
3,47.0,49.0,2
2121,85.0,0.0,2
2102,0.0,60.0,2
1352,0.0,84.0,2
2102,0.0,60.0,2
2121,85.0,0.0,2
1394,60.0,0.0,2
662,70.0,1.0,2
1795,51.0,4.0,2
503,48.0,23.0,2
1210,59.0,2.0,2
1545,61.0,0.0,2
1803,31.0,21.0,2
26,49.0,1.0,2
2196,85.0,0.0,2
532,83.0,9.0,2
1462,43.0,11.0,2
19,47.0,9.0,2
2080,64.0,1.0,2
1352,0.0,84.0,2
1639,35.0,20.0,2
803,94.0,0.0,2
1641,84.0,0.0,2
2,28.0,45.0,2
1803,31.0,21.0,2
618,90.0,0.0,2
1990,51.0,0.0,2
493,63.0,0.0,2
21,47.0,15.0,2
1462,43.0,11.0,2
2102,0.0,60.0,2
618,90.0,0.0,2
1844,54.0,2.0,2
2121,85.0,0.0,2
2199,16.0,50.0,2
685,53.0,0.0,2
1730,80.0,1.0,2
2199,16.0,50.0,2
1668,70.0,11.0,2
1079,74.0,0.0,2
1641,84.0,0.0,2
1545,61.0,0.0,2
1249,64.0,4.0,2
1639,35.0,20.0,2
1462,43.0,11.0,2
2329,51.0,0.0,2
1381,54.0,0.0,2
2092,69.0,2.0,2
1795,51.0,4.0,2
1631,68.0,0.0,2
1210,59.0,2.0,2
685,53.0,0.0,2
985,68.0,7.0,2
438,66.0,0.0,2
2018,88.0,0.0,2
229,6.0,81.0,2
618,90.0,0.0,2
2121,85.0,0.0,2
1795,51.0,4.0,2
1902,3.0,53.0,2
1894,86.0,0.0,2
2089,37.0,19.0,2
1795,51.0,4.0,2
438,66.0,0.0,2
1646,56.0,0.0,2
1709,58.0,5.0,2
288,67.0,0.0,2
501,76.0,0.0,2
1626,74.0,0.0,2
650,94.0,1.0,2
20,55.0,16.0,2
347,37.0,15.0,2
347,37.0,15.0,2
229,6.0,81.0,2
391,65.0,0.0,2
1406,57.0,0.0,2
380,57.0,1.0,2
1632,45.0,5.0,2
813,58.0,14.0,2
618,90.0,0.0,2
2102,0.0,60.0,2
7,54.0,0.0,2
473,69.0,0.0,2
624,65.0,0.0,2
157,19.0,31.0,2
605,76.0,0.0,2
1692,74.0,0.0,2
18,55.0,13.0,2
1462,43.0,11.0,2
1759,50.0,0.0,2
493,63.0,0.0,2
299,65.0,1.0,2
1381,54.0,0.0,2
605,76.0,0.0,2
1393,74.0,23.0,2
1462,43.0,11.0,2
1668,70.0,11.0,2
975,80.0,1.0,2
1795,51.0,4.0,2
159,61.0,0.0,2
311,20.0,76.0,2
685,53.0,0.0,2
759,48.0,7.0,2
975,80.0,1.0,2
1545,61.0,0.0,2
299,65.0,1.0,2
1643,53.0,0.0,2
423,50.0,6.0,2
1259,66.0,1.0,2
2196,85.0,0.0,2
1794,58.0,5.0,2
2348,16.0,36.0,2
1818,56.0,0.0,2
157,19.0,31.0,2
1545,61.0,0.0,2
1927,67.0,2.0,2
534,54.0,0.0,2
503,48.0,23.0,2
343,0.0,80.0,2
1462,43.0,11.0,2
631,35.0,16.0,2
2329,51.0,0.0,2
2199,16.0,50.0,2
52,16.0,34.0,2
803,94.0,0.0,2
1894,86.0,0.0,2
745,79.0,0.0,2
476,66.0,3.0,2
226,3.0,81.0,2
928,54.0,0.0,2
20,55.0,16.0,2
2080,64.0,1.0,2
2018,88.0,0.0,2
1646,56.0,0.0,2
2035,60.0,13.0,2
1362,36.0,17.0,2
1426,78.0,4.0,2
951,85.0,0.0,2
423,50.0,6.0,2
1259,66.0,1.0,2
650,94.0,1.0,2
2329,51.0,0.0,2
903,70.0,0.0,2
1771,55.0,3.0,2
2152,83.0,0.0,2
759,48.0,7.0,2
759,48.0,7.0,2
1259,66.0,1.0,2
624,65.0,0.0,2
998,78.0,0.0,2
134,21.0,64.0,2
685,53.0,0.0,2
1485,49.0,1.0,2
20,55.0,16.0,2
683,64.0,0.0,2
803,94.0,0.0,2
1606,4.0,58.0,2
17,58.0,10.0,2
1540,62.0,4.0,2
18,55.0,13.0,2
1626,74.0,0.0,2
1668,70.0,11.0,2
1392,44.0,7.0,2
610,80.0,7.0,2
1462,43.0,11.0,2
734,84.0,3.0,2
662,70.0,1.0,2
2080,64.0,1.0,2
52,16.0,34.0,2
1643,53.0,0.0,2
1759,50.0,0.0,2
1595,51.0,0.0,2
2102,0.0,60.0,2
2089,37.0,19.0,2
1730,80.0,1.0,2
903,70.0,0.0,2
207,1.0,51.0,2
1362,36.0,17.0,2
759,48.0,7.0,2
1352,0.0,84.0,2
1692,74.0,0.0,2
831,76.0,0.0,2
296,96.0,1.0,2
1794,58.0,5.0,2
1927,67.0,2.0,2
1990,51.0,0.0,2
1803,31.0,21.0,2
759,48.0,7.0,2
1747,53.0,5.0,2
1,67.0,13.0,2
448,63.0,0.0,2
1394,60.0,0.0,2
1779,90.0,0.0,2
1696,91.0,3.0,2
618,90.0,0.0,2
1339,13.0,39.0,2
1692,74.0,0.0,2
1803,31.0,21.0,2
135,23.0,64.0,2
986,79.0,0.0,2
288,67.0,0.0,2
1381,54.0,0.0,2
1098,65.0,0.0,2
2342,67.0,0.0,2
2080,64.0,1.0,2
1259,66.0,1.0,2
382,96.0,3.0,2
986,79.0,0.0,2
610,80.0,7.0,2
1392,44.0,7.0,2
2080,64.0,1.0,2
1255,21.0,29.0,2
503,48.0,23.0,2
1469,69.0,0.0,2
438,66.0,0.0,2
1485,49.0,1.0,2
296,96.0,1.0,2
25,57.0,3.0,2
986,79.0,0.0,2
1469,69.0,0.0,2
448,63.0,0.0,2
1937,4.0,65.0,2
2102,0.0,60.0,2
1394,60.0,0.0,2
1,67.0,13.0,2
986,79.0,0.0,2
7,54.0,0.0,2
135,23.0,64.0,2
299,65.0,1.0,2
1187,56.0,3.0,2
2,28.0,45.0,2
1795,51.0,4.0,2
1249,64.0,4.0,2
2199,16.0,50.0,2
1990,51.0,0.0,2
1759,50.0,0.0,2
438,66.0,0.0,2
1485,49.0,1.0,2
45,98.0,0.0,2
975,80.0,1.0,2
928,54.0,0.0,2
1074,66.0,8.0,2
534,54.0,0.0,2
540,55.0,5.0,2
382,96.0,3.0,2
2011,77.0,1.0,2
45,98.0,0.0,2
1393,74.0,23.0,2
605,76.0,0.0,2
1818,56.0,0.0,2
473,69.0,0.0,2
1200,45.0,8.0,2
1352,0.0,84.0,2
20,55.0,16.0,2
1381,54.0,0.0,2
2342,67.0,0.0,2
1352,0.0,84.0,2
1646,56.0,0.0,2
1551,58.0,0.0,2
1894,86.0,0.0,2
759,48.0,7.0,2
1643,53.0,0.0,2
1079,74.0,0.0,2
1730,80.0,1.0,2
229,6.0,81.0,2
1937,4.0,65.0,2
1485,49.0,1.0,2
2199,16.0,50.0,2
1462,43.0,11.0,2
476,66.0,3.0,2
1394,60.0,0.0,2
2199,16.0,50.0,2
2196,85.0,0.0,2
493,63.0,0.0,2
45,98.0,0.0,2
1641,84.0,0.0,2
52,16.0,34.0,2
296,96.0,1.0,2
1462,43.0,11.0,2
1551,58.0,0.0,2
391,65.0,0.0,2
157,19.0,31.0,2
1641,84.0,0.0,2
831,76.0,0.0,2
1249,64.0,4.0,2
1639,35.0,20.0,2
1259,66.0,1.0,2
2011,77.0,1.0,2
207,1.0,51.0,2
1469,69.0,0.0,2
1990,51.0,0.0,2
2102,0.0,60.0,2
1098,65.0,0.0,2
21,47.0,15.0,2
380,57.0,1.0,2
1795,51.0,4.0,2
662,70.0,1.0,2
1228,0.0,68.0,2
1632,45.0,5.0,2
2080,64.0,1.0,2
1692,74.0,0.0,2
986,79.0,0.0,2
1462,43.0,11.0,2
1990,51.0,0.0,2
311,20.0,76.0,2
1757,51.0,21.0,2
683,64.0,0.0,2
2196,85.0,0.0,2
2080,64.0,1.0,2
745,79.0,0.0,2
503,48.0,23.0,2
1626,74.0,0.0,2
532,83.0,9.0,2
2018,88.0,0.0,2
1747,53.0,5.0,2
1851,68.0,7.0,2
1079,74.0,0.0,2
2092,69.0,2.0,2
1098,65.0,0.0,2
21,47.0,15.0,2
1074,66.0,8.0,2
2089,37.0,19.0,2
19,47.0,9.0,2
2011,77.0,1.0,2
1927,67.0,2.0,2
347,37.0,15.0,2
1747,53.0,5.0,2
17,58.0,10.0,2
382,96.0,3.0,2
1228,0.0,68.0,2
1902,3.0,53.0,2
1626,74.0,0.0,2
928,54.0,0.0,2
1259,66.0,1.0,2
2089,37.0,19.0,2
999,61.0,0.0,2
560,48.0,23.0,2
1847,57.0,0.0,2
476,66.0,3.0,2
998,78.0,0.0,2
207,1.0,51.0,2
1606,4.0,58.0,2
1353,0.0,68.0,2
1352,0.0,84.0,2
207,1.0,51.0,2
503,48.0,23.0,2
1779,90.0,0.0,2
2011,77.0,1.0,2
1779,90.0,0.0,2
759,48.0,7.0,2
2121,85.0,0.0,2
813,58.0,14.0,2
1794,58.0,5.0,2
1551,58.0,0.0,2
1,67.0,13.0,2
1844,54.0,2.0,2
1362,36.0,17.0,2
1641,84.0,0.0,2
2329,51.0,0.0,2
737,18.0,56.0,2
1692,74.0,0.0,2
1859,4.0,84.0,2
759,48.0,7.0,2
540,55.0,5.0,2
813,58.0,14.0,2
610,80.0,7.0,2
2143,49.0,2.0,2
1187,56.0,3.0,2
1696,91.0,3.0,2
2102,0.0,60.0,2
226,3.0,81.0,2
2092,69.0,2.0,2
610,80.0,7.0,2
624,65.0,0.0,2
92,46.0,11.0,2
2035,60.0,13.0,2
1,67.0,13.0,2
1692,74.0,0.0,2
685,53.0,0.0,2
1696,91.0,3.0,2
3,47.0,49.0,2
2080,64.0,1.0,2
45,98.0,0.0,2
1074,66.0,8.0,2
135,23.0,64.0,2
1503,83.0,5.0,2
2199,16.0,50.0,2
1692,74.0,0.0,2
20,55.0,16.0,2
1747,53.0,5.0,2
1362,36.0,17.0,2
1352,0.0,84.0,2
1902,3.0,53.0,2
803,94.0,0.0,2
380,57.0,1.0,2
1485,49.0,1.0,2
522,96.0,1.0,2
2348,16.0,36.0,2
2089,37.0,19.0,2
2011,77.0,1.0,2
605,76.0,0.0,2
473,69.0,0.0,2
1859,4.0,84.0,2
1210,59.0,2.0,2
1646,56.0,0.0,2
610,80.0,7.0,2
2329,51.0,0.0,2
25,57.0,3.0,2
737,18.0,56.0,2
391,65.0,0.0,2
1626,74.0,0.0,2
17,58.0,10.0,2
1709,58.0,5.0,2
438,66.0,0.0,2
1696,91.0,3.0,2
928,54.0,0.0,2
2092,69.0,2.0,2
26,49.0,1.0,2
1255,21.0,29.0,2
343,0.0,80.0,2
903,70.0,0.0,2
1259,66.0,1.0,2
780,54.0,2.0,2
347,37.0,15.0,2
1426,78.0,4.0,2
1551,58.0,0.0,2
1462,43.0,11.0,2
1803,31.0,21.0,2
2143,49.0,2.0,2
734,84.0,3.0,2
18,55.0,13.0,2
1393,74.0,23.0,2
1851,68.0,7.0,2
1503,83.0,5.0,2
3,47.0,49.0,2
296,96.0,1.0,2
683,64.0,0.0,2
1228,0.0,68.0,2
2089,37.0,19.0,2
1255,21.0,29.0,2
1127,51.0,0.0,2
1631,68.0,0.0,2
1,67.0,13.0,2
650,94.0,1.0,2
7,54.0,0.0,2
1641,84.0,0.0,2
423,50.0,6.0,2
448,63.0,0.0,2
1362,36.0,17.0,2
1393,74.0,23.0,2
1019,58.0,3.0,2
503,48.0,23.0,2
2342,67.0,0.0,2
1696,91.0,3.0,2
3,47.0,49.0,2
1757,51.0,21.0,2
631,35.0,16.0,2
45,98.0,0.0,2
685,53.0,0.0,2
1851,68.0,7.0,2
745,79.0,0.0,2
2089,37.0,19.0,2
1639,35.0,20.0,2
610,80.0,7.0,2
2196,85.0,0.0,2
1255,21.0,29.0,2
2018,88.0,0.0,2
951,85.0,0.0,2
1079,74.0,0.0,2
1540,62.0,4.0,2
501,76.0,0.0,2
631,35.0,16.0,2
1426,78.0,4.0,2
1210,59.0,2.0,2
391,65.0,0.0,2
1166,16.0,60.0,2
1353,0.0,68.0,2
662,70.0,1.0,2
1166,16.0,60.0,2
391,65.0,0.0,2
1595,51.0,0.0,2
650,94.0,1.0,2
1200,45.0,8.0,2
1851,68.0,7.0,2
382,96.0,3.0,2
1847,57.0,0.0,2
1937,4.0,65.0,2
2089,37.0,19.0,2
1074,66.0,8.0,2
157,19.0,31.0,2
1249,64.0,4.0,2
986,79.0,0.0,2
448,63.0,0.0,2
18,55.0,13.0,2
683,64.0,0.0,2
1779,90.0,0.0,2
534,54.0,0.0,2
1646,56.0,0.0,2
1632,45.0,5.0,2
2196,85.0,0.0,2
1187,56.0,3.0,2
1393,74.0,23.0,2
1696,91.0,3.0,2
2080,64.0,1.0,2
20,55.0,16.0,2
1847,57.0,0.0,2
1545,61.0,0.0,2
1847,57.0,0.0,2
311,20.0,76.0,2
1394,60.0,0.0,2
2348,16.0,36.0,2
1381,54.0,0.0,2
813,58.0,14.0,2
1747,53.0,5.0,2
650,94.0,1.0,2
2102,0.0,60.0,2
229,6.0,81.0,2
17,58.0,10.0,2
1362,36.0,17.0,2
813,58.0,14.0,2
288,67.0,0.0,2
2143,49.0,2.0,2
998,78.0,0.0,2
1,67.0,13.0,2
1851,68.0,7.0,2
45,98.0,0.0,2
1352,0.0,84.0,2
605,76.0,0.0,2
448,63.0,0.0,2
1127,51.0,0.0,2
560,48.0,23.0,2
2348,16.0,36.0,2
1027,75.0,14.0,2
343,0.0,80.0,2
610,80.0,7.0,2
1737,60.0,0.0,2
737,18.0,56.0,2
1392,44.0,7.0,2
1605,69.0,2.0,2
903,70.0,0.0,2
618,90.0,0.0,2
813,58.0,14.0,2
1200,45.0,8.0,2
343,0.0,80.0,2
476,66.0,3.0,2
1,67.0,13.0,2
20,55.0,16.0,2
1641,84.0,0.0,2
1462,43.0,11.0,2
610,80.0,7.0,2
1794,58.0,5.0,2
737,18.0,56.0,2
92,46.0,11.0,2
380,57.0,1.0,2
1127,51.0,0.0,2
1818,56.0,0.0,2
1626,74.0,0.0,2
2342,67.0,0.0,2
92,46.0,11.0,2
737,18.0,56.0,2
1646,56.0,0.0,2
19,47.0,9.0,2
3,47.0,49.0,2
1632,45.0,5.0,2
2196,85.0,0.0,2
1605,69.0,2.0,2
159,61.0,0.0,2
501,76.0,0.0,2
1646,56.0,0.0,2
134,21.0,64.0,2
1709,58.0,5.0,2
380,57.0,1.0,2
503,48.0,23.0,2
157,19.0,31.0,2
1259,66.0,1.0,2
1779,90.0,0.0,2
540,55.0,5.0,2
311,20.0,76.0,2
2089,37.0,19.0,2
52,16.0,34.0,2
311,20.0,76.0,2
985,68.0,7.0,2
1937,4.0,65.0,2
975,80.0,1.0,2
1626,74.0,0.0,2
2092,69.0,2.0,2
1632,45.0,5.0,2
1632,45.0,5.0,2
448,63.0,0.0,2
1632,45.0,5.0,2
20,55.0,16.0,2
1641,84.0,0.0,2
1228,0.0,68.0,2
532,83.0,9.0,2
1485,49.0,1.0,2
18,55.0,13.0,2
343,0.0,80.0,2
910,68.0,0.0,2
780,54.0,2.0,2
1626,74.0,0.0,2
1737,60.0,0.0,2
438,66.0,0.0,2
2152,83.0,0.0,2
229,6.0,81.0,2
998,78.0,0.0,2
1639,35.0,20.0,2
7,54.0,0.0,2
1392,44.0,7.0,2
1079,74.0,0.0,2
831,76.0,0.0,2
1392,44.0,7.0,2
1393,74.0,23.0,2
2199,16.0,50.0,2
734,84.0,3.0,2
1927,67.0,2.0,2
1844,54.0,2.0,2
419,62.0,4.0,2
517,98.0,0.0,2
476,66.0,3.0,2
2199,16.0,50.0,2
18,55.0,13.0,2
951,85.0,0.0,2
1079,74.0,0.0,2
7,54.0,0.0,2
1166,16.0,60.0,2
1859,4.0,84.0,2
1696,91.0,3.0,2
1641,84.0,0.0,2
1392,44.0,7.0,2
831,76.0,0.0,2
1166,16.0,60.0,2
1902,3.0,53.0,2
343,0.0,80.0,2
540,55.0,5.0,2
1851,68.0,7.0,2
998,78.0,0.0,2
2342,67.0,0.0,2
1696,91.0,3.0,2
985,68.0,7.0,2
207,1.0,51.0,2
226,3.0,81.0,2
1641,84.0,0.0,2
1990,51.0,0.0,2
610,80.0,7.0,2
1,67.0,13.0,2
1352,0.0,84.0,2
2018,88.0,0.0,2
910,68.0,0.0,2
501,76.0,0.0,2
493,63.0,0.0,2
1779,90.0,0.0,2
1980,62.0,0.0,2
1469,69.0,0.0,2
1125,66.0,0.0,2
3,47.0,49.0,2
1859,4.0,84.0,2
25,57.0,3.0,2
17,58.0,10.0,2
2196,85.0,0.0,2
1937,4.0,65.0,2
1818,56.0,0.0,2
52,16.0,34.0,2
1818,56.0,0.0,2
1249,64.0,4.0,2
928,54.0,0.0,2
903,70.0,0.0,2
1485,49.0,1.0,2
1027,75.0,14.0,2
157,19.0,31.0,2
21,47.0,15.0,2
2035,60.0,13.0,2
2199,16.0,50.0,2
501,76.0,0.0,2
1392,44.0,7.0,2
1393,74.0,23.0,2
624,65.0,0.0,2
986,79.0,0.0,2
831,76.0,0.0,2
1127,51.0,0.0,2
1692,74.0,0.0,2
1730,80.0,1.0,2
1927,67.0,2.0,2
1098,65.0,0.0,2
473,69.0,0.0,2
1,67.0,13.0,2
517,98.0,0.0,2
910,68.0,0.0,2
2152,83.0,0.0,2
803,94.0,0.0,2
910,68.0,0.0,2
1381,54.0,0.0,2
1019,58.0,3.0,2
26,49.0,1.0,2
1551,58.0,0.0,2
92,46.0,11.0,2
803,94.0,0.0,2
391,65.0,0.0,2
473,69.0,0.0,2
17,58.0,10.0,2
1228,0.0,68.0,2
1757,51.0,21.0,2
1127,51.0,0.0,2
2342,67.0,0.0,2
831,76.0,0.0,2
1847,57.0,0.0,2
1339,13.0,39.0,2
532,83.0,9.0,2
1339,13.0,39.0,2
2092,69.0,2.0,2
517,98.0,0.0,2
1019,58.0,3.0,2
503,48.0,23.0,2
1545,61.0,0.0,2
92,46.0,11.0,2
423,50.0,6.0,2
1771,55.0,3.0,2
1406,57.0,0.0,2
296,96.0,1.0,2
903,70.0,0.0,2
2035,60.0,13.0,2
2329,51.0,0.0,2
2089,37.0,19.0,2
683,64.0,0.0,2
1545,61.0,0.0,2
1545,61.0,0.0,2
503,48.0,23.0,2
1859,4.0,84.0,2
975,80.0,1.0,2
1894,86.0,0.0,2
532,83.0,9.0,2
134,21.0,64.0,2
1632,45.0,5.0,2
438,66.0,0.0,2
2348,16.0,36.0,2
501,76.0,0.0,2
1406,57.0,0.0,2
2348,16.0,36.0,2
438,66.0,0.0,2
1259,66.0,1.0,2
951,85.0,0.0,2
25,57.0,3.0,2
17,58.0,10.0,2
1757,51.0,21.0,2
1074,66.0,8.0,2
1406,57.0,0.0,2
1696,91.0,3.0,2
501,76.0,0.0,2
2011,77.0,1.0,2
610,80.0,7.0,2
1626,74.0,0.0,2
134,21.0,64.0,2
1902,3.0,53.0,2
17,58.0,10.0,2
610,80.0,7.0,2
985,68.0,7.0,2
1098,65.0,0.0,2
1818,56.0,0.0,2
2348,16.0,36.0,2
1393,74.0,23.0,2
1646,56.0,0.0,2
476,66.0,3.0,2
343,0.0,80.0,2
534,54.0,0.0,2
347,37.0,15.0,2
986,79.0,0.0,2
2121,85.0,0.0,2
26,49.0,1.0,2
1074,66.0,8.0,2
1545,61.0,0.0,2
501,76.0,0.0,2
1859,4.0,84.0,2
296,96.0,1.0,2
610,80.0,7.0,2
1352,0.0,84.0,2
605,76.0,0.0,2
1605,69.0,2.0,2
1990,51.0,0.0,2
2011,77.0,1.0,2
1545,61.0,0.0,2
1632,45.0,5.0,2
1545,61.0,0.0,2
803,94.0,0.0,2
1469,69.0,0.0,2
985,68.0,7.0,2
1851,68.0,7.0,2
1730,80.0,1.0,2
493,63.0,0.0,2
1019,58.0,3.0,2
1794,58.0,5.0,2
1595,51.0,0.0,2
1362,36.0,17.0,2
419,62.0,4.0,2
1747,53.0,5.0,2
1927,67.0,2.0,2
650,94.0,1.0,2
382,96.0,3.0,2
517,98.0,0.0,2
522,96.0,1.0,2
26,49.0,1.0,2
2196,85.0,0.0,2
1,67.0,13.0,2
605,76.0,0.0,2
1485,49.0,1.0,2
2143,49.0,2.0,2
1352,0.0,84.0,2
1631,68.0,0.0,2
745,79.0,0.0,2
1,67.0,13.0,2
903,70.0,0.0,2
734,84.0,3.0,2
1646,56.0,0.0,2
2035,60.0,13.0,2
2143,49.0,2.0,2
683,64.0,0.0,2
1927,67.0,2.0,2
745,79.0,0.0,2
1692,74.0,0.0,2
2342,67.0,0.0,2
473,69.0,0.0,2
903,70.0,0.0,2
311,20.0,76.0,2
1352,0.0,84.0,2
1079,74.0,0.0,2
501,76.0,0.0,2
1818,56.0,0.0,2
1894,86.0,0.0,2
1353,0.0,68.0,2
157,19.0,31.0,2
1795,51.0,4.0,2
1606,4.0,58.0,2
2199,16.0,50.0,2
311,20.0,76.0,2
1320,36.0,49.0,2
382,96.0,3.0,2
903,70.0,0.0,2
2152,83.0,0.0,2
2342,67.0,0.0,2
1643,53.0,0.0,2
624,65.0,0.0,2
1200,45.0,8.0,2
1249,64.0,4.0,2
1551,58.0,0.0,2
2121,85.0,0.0,2
1696,91.0,3.0,2
1259,66.0,1.0,2
903,70.0,0.0,2
1545,61.0,0.0,2
624,65.0,0.0,2
999,61.0,0.0,2
1,67.0,13.0,2
2011,77.0,1.0,2
1757,51.0,21.0,2
831,76.0,0.0,2
423,50.0,6.0,2
382,96.0,3.0,2
624,65.0,0.0,2
391,65.0,0.0,2
2080,64.0,1.0,2
207,1.0,51.0,2
159,61.0,0.0,2
1,67.0,13.0,2
1127,51.0,0.0,2
1646,56.0,0.0,2
1641,84.0,0.0,2
1643,53.0,0.0,2
903,70.0,0.0,2
1847,57.0,0.0,2
1803,31.0,21.0,2
20,55.0,16.0,2
734,84.0,3.0,2
1540,62.0,4.0,2
1844,54.0,2.0,2
423,50.0,6.0,2
25,57.0,3.0,2
1631,68.0,0.0,2
1759,50.0,0.0,2
1297,53.0,6.0,2
734,84.0,3.0,2
423,50.0,6.0,2
1894,86.0,0.0,2
1381,54.0,0.0,2
20,55.0,16.0,2
928,54.0,0.0,2
745,79.0,0.0,2
975,80.0,1.0,2
1019,58.0,3.0,2
685,53.0,0.0,2
975,80.0,1.0,2
650,94.0,1.0,2
1406,57.0,0.0,2
1362,36.0,17.0,2
20,55.0,16.0,2
473,69.0,0.0,2
1394,60.0,0.0,2
1320,36.0,49.0,2
1127,51.0,0.0,2
423,50.0,6.0,2
1730,80.0,1.0,2
605,76.0,0.0,2
2080,64.0,1.0,2
2018,88.0,0.0,2
734,84.0,3.0,2
19,47.0,9.0,2
1074,66.0,8.0,2
19,47.0,9.0,2
2196,85.0,0.0,2
1255,21.0,29.0,2
2102,0.0,60.0,2
1639,35.0,20.0,2
1771,55.0,3.0,2
2102,0.0,60.0,2
476,66.0,3.0,2
382,96.0,3.0,2
1210,59.0,2.0,2
2,28.0,45.0,2
1803,31.0,21.0,2
610,80.0,7.0,2
2121,85.0,0.0,2
26,49.0,1.0,2
1818,56.0,0.0,2
1740,114.0,0.0,3
372,115.0,18.0,3
2312,108.0,0.0,3
2029,94.0,25.0,3
548,108.0,6.0,3
746,122.0,0.0,3
24,142.0,0.0,3
619,113.0,0.0,3
1744,106.0,0.0,3
22,97.0,10.0,3
983,118.0,4.0,3
1226,116.0,7.0,3
22,97.0,10.0,3
2093,125.0,3.0,3
1989,127.0,6.0,3
548,108.0,6.0,3
1075,114.0,16.0,3
1911,129.0,4.0,3
619,113.0,0.0,3
1666,127.0,0.0,3
1945,122.0,0.0,3
1484,113.0,1.0,3
1989,127.0,6.0,3
372,115.0,18.0,3
2090,102.0,8.0,3
2090,102.0,8.0,3
1640,37.0,87.0,3
2090,102.0,8.0,3
1700,132.0,0.0,3
1863,109.0,1.0,3
2093,125.0,3.0,3
24,142.0,0.0,3
1700,132.0,0.0,3
108,121.0,0.0,3
548,108.0,6.0,3
2336,109.0,35.0,3
1354,0.0,119.0,3
441,121.0,9.0,3
29,94.0,6.0,3
1989,127.0,6.0,3
371,115.0,28.0,3
247,105.0,4.0,3
1744,106.0,0.0,3
22,97.0,10.0,3
1989,127.0,6.0,3
2295,136.0,0.0,3
1517,127.0,0.0,3
180,139.0,2.0,3
1640,37.0,87.0,3
1154,108.0,0.0,3
1213,101.0,5.0,3
1684,138.0,0.0,3
29,94.0,6.0,3
22,97.0,10.0,3
83,104.0,13.0,3
1811,116.0,10.0,3
29,94.0,6.0,3
1811,116.0,10.0,3
2091,131.0,3.0,3
441,121.0,9.0,3
1517,127.0,0.0,3
1139,105.0,4.0,3
2090,102.0,8.0,3
371,115.0,28.0,3
1658,38.0,102.0,3
372,115.0,18.0,3
2312,108.0,0.0,3
2090,102.0,8.0,3
1364,62.0,42.0,3
1744,106.0,0.0,3
746,122.0,0.0,3
897,103.0,6.0,3
1989,127.0,6.0,3
1417,0.0,108.0,3
929,129.0,0.0,3
372,115.0,18.0,3
1520,87.0,40.0,3
2098,31.0,106.0,3
2295,136.0,0.0,3
247,105.0,4.0,3
4,97.0,7.0,3
180,139.0,2.0,3
2091,131.0,3.0,3
274,102.0,0.0,3
180,139.0,2.0,3
1154,108.0,0.0,3
1154,108.0,0.0,3
1075,114.0,16.0,3
81,49.0,59.0,3
1417,0.0,108.0,3
909,139.0,0.0,3
108,121.0,0.0,3
2336,109.0,35.0,3
2312,108.0,0.0,3
295,128.0,0.0,3
1139,105.0,4.0,3
1075,114.0,16.0,3
1658,38.0,102.0,3
658,103.0,3.0,3
2090,102.0,8.0,3
1214,5.0,123.0,3
1517,127.0,0.0,3
1154,108.0,0.0,3
2098,31.0,106.0,3
1640,37.0,87.0,3
24,142.0,0.0,3
4,97.0,7.0,3
81,49.0,59.0,3
371,115.0,28.0,3
906,102.0,0.0,3
247,105.0,4.0,3
372,115.0,18.0,3
1484,113.0,1.0,3
1700,132.0,0.0,3
2091,131.0,3.0,3
1740,114.0,0.0,3
29,94.0,6.0,3
658,103.0,3.0,3
372,115.0,18.0,3
1498,148.0,0.0,3
929,129.0,0.0,3
1213,101.0,5.0,3
346,106.0,0.0,3
1072,109.0,5.0,3
2295,136.0,0.0,3
1945,122.0,0.0,3
909,139.0,0.0,3
2115,107.0,0.0,3
1484,113.0,1.0,3
1520,87.0,40.0,3
2090,102.0,8.0,3
1900,126.0,0.0,3
83,104.0,13.0,3
909,139.0,0.0,3
909,139.0,0.0,3
1517,127.0,0.0,3
983,118.0,4.0,3
2090,102.0,8.0,3
2090,102.0,8.0,3
4,97.0,7.0,3
906,102.0,0.0,3
2090,102.0,8.0,3
24,142.0,0.0,3
2200,136.0,0.0,3
2312,108.0,0.0,3
906,102.0,0.0,3
247,105.0,4.0,3
2090,102.0,8.0,3
1214,5.0,123.0,3
1700,132.0,0.0,3
1517,127.0,0.0,3
746,122.0,0.0,3
1945,122.0,0.0,3
1072,109.0,5.0,3
1740,114.0,0.0,3
2090,102.0,8.0,3
1911,129.0,4.0,3
1740,114.0,0.0,3
295,128.0,0.0,3
1354,0.0,119.0,3
22,97.0,10.0,3
24,142.0,0.0,3
1864,110.0,0.0,3
1945,122.0,0.0,3
22,97.0,10.0,3
22,97.0,10.0,3
1811,116.0,10.0,3
4,97.0,7.0,3
459,99.0,20.0,3
22,97.0,10.0,3
1744,106.0,0.0,3
1517,127.0,0.0,3
1072,109.0,5.0,3
2200,136.0,0.0,3
1072,109.0,5.0,3
2153,140.0,0.0,3
1863,109.0,1.0,3
1864,110.0,0.0,3
429,84.0,64.0,3
1226,116.0,7.0,3
746,122.0,0.0,3
2156,125.0,0.0,3
2200,136.0,0.0,3
274,102.0,0.0,3
377,87.0,46.0,3
2336,109.0,35.0,3
1945,122.0,0.0,3
2200,136.0,0.0,3
24,142.0,0.0,3
535,103.0,0.0,3
1945,122.0,0.0,3
1213,101.0,5.0,3
459,99.0,20.0,3
2128,105.0,0.0,3
459,99.0,20.0,3
535,103.0,0.0,3
2295,136.0,0.0,3
1740,114.0,0.0,3
1075,114.0,16.0,3
1364,62.0,42.0,3
1354,0.0,119.0,3
4,97.0,7.0,3
274,102.0,0.0,3
1900,126.0,0.0,3
1684,138.0,0.0,3
658,103.0,3.0,3
1070,136.0,0.0,3
1484,113.0,1.0,3
108,121.0,0.0,3
377,87.0,46.0,3
1989,127.0,6.0,3
22,97.0,10.0,3
4,97.0,7.0,3
1658,38.0,102.0,3
295,128.0,0.0,3
2156,125.0,0.0,3
1214,5.0,123.0,3
1072,109.0,5.0,3
247,105.0,4.0,3
459,99.0,20.0,3
1658,38.0,102.0,3
24,142.0,0.0,3
535,103.0,0.0,3
746,122.0,0.0,3
1811,116.0,10.0,3
1075,114.0,16.0,3
746,122.0,0.0,3
2312,108.0,0.0,3
1213,101.0,5.0,3
1226,116.0,7.0,3
760,130.0,4.0,3
441,121.0,9.0,3
2115,107.0,0.0,3
1811,116.0,10.0,3
1154,108.0,0.0,3
2029,94.0,25.0,3
1417,0.0,108.0,3
1075,114.0,16.0,3
2153,140.0,0.0,3
1075,114.0,16.0,3
371,115.0,28.0,3
548,108.0,6.0,3
1658,38.0,102.0,3
535,103.0,0.0,3
180,139.0,2.0,3
108,121.0,0.0,3
2128,105.0,0.0,3
429,84.0,64.0,3
1075,114.0,16.0,3
1658,38.0,102.0,3
1945,122.0,0.0,3
619,113.0,0.0,3
983,118.0,4.0,3
1226,116.0,7.0,3
1700,132.0,0.0,3
1811,116.0,10.0,3
180,139.0,2.0,3
906,102.0,0.0,3
906,102.0,0.0,3
548,108.0,6.0,3
983,118.0,4.0,3
909,139.0,0.0,3
2093,125.0,3.0,3
2156,125.0,0.0,3
2029,94.0,25.0,3
1658,38.0,102.0,3
459,99.0,20.0,3
29,94.0,6.0,3
1154,108.0,0.0,3
2093,125.0,3.0,3
1666,127.0,0.0,3
429,84.0,64.0,3
1517,127.0,0.0,3
983,118.0,4.0,3
1576,12.0,129.0,3
83,104.0,13.0,3
1214,5.0,123.0,3
746,122.0,0.0,3
1576,12.0,129.0,3
1744,106.0,0.0,3
1989,127.0,6.0,3
2091,131.0,3.0,3
1072,109.0,5.0,3
1075,114.0,16.0,3
2128,105.0,0.0,3
441,121.0,9.0,3
760,130.0,4.0,3
1811,116.0,10.0,3
1911,129.0,4.0,3
2128,105.0,0.0,3
1576,12.0,129.0,3
746,122.0,0.0,3
1072,109.0,5.0,3
1640,37.0,87.0,3
658,103.0,3.0,3
2115,107.0,0.0,3
906,102.0,0.0,3
22,97.0,10.0,3
429,84.0,64.0,3
1075,114.0,16.0,3
247,105.0,4.0,3
1498,148.0,0.0,3
1658,38.0,102.0,3
1354,0.0,119.0,3
1484,113.0,1.0,3
897,103.0,6.0,3
1684,138.0,0.0,3
760,130.0,4.0,3
746,122.0,0.0,3
346,106.0,0.0,3
1989,127.0,6.0,3
108,121.0,0.0,3
1900,126.0,0.0,3
1213,101.0,5.0,3
1520,87.0,40.0,3
535,103.0,0.0,3
2098,31.0,106.0,3
180,139.0,2.0,3
377,87.0,46.0,3
371,115.0,28.0,3
372,115.0,18.0,3
2115,107.0,0.0,3
1072,109.0,5.0,3
2091,131.0,3.0,3
1700,132.0,0.0,3
760,130.0,4.0,3
1911,129.0,4.0,3
2091,131.0,3.0,3
2090,102.0,8.0,3
619,113.0,0.0,3
1911,129.0,4.0,3
1911,129.0,4.0,3
1666,127.0,0.0,3
1740,114.0,0.0,3
1484,113.0,1.0,3
2200,136.0,0.0,3
372,115.0,18.0,3
1811,116.0,10.0,3
1989,127.0,6.0,3
180,139.0,2.0,3
1744,106.0,0.0,3
1989,127.0,6.0,3
81,49.0,59.0,3
2153,140.0,0.0,3
83,104.0,13.0,3
1640,37.0,87.0,3
1863,109.0,1.0,3
1364,62.0,42.0,3
1740,114.0,0.0,3
377,87.0,46.0,3
346,106.0,0.0,3
983,118.0,4.0,3
459,99.0,20.0,3
429,84.0,64.0,3
2091,131.0,3.0,3
459,99.0,20.0,3
1911,129.0,4.0,3
1863,109.0,1.0,3
2090,102.0,8.0,3
658,103.0,3.0,3
247,105.0,4.0,3
295,128.0,0.0,3
4,97.0,7.0,3
1911,129.0,4.0,3
4,97.0,7.0,3
1139,105.0,4.0,3
1658,38.0,102.0,3
4,97.0,7.0,3
377,87.0,46.0,3
2029,94.0,25.0,3
2093,125.0,3.0,3
2091,131.0,3.0,3
2156,125.0,0.0,3
619,113.0,0.0,3
2128,105.0,0.0,3
897,103.0,6.0,3
377,87.0,46.0,3
1700,132.0,0.0,3
1900,126.0,0.0,3
929,129.0,0.0,3
2156,125.0,0.0,3
1640,37.0,87.0,3
2090,102.0,8.0,3
2156,125.0,0.0,3
377,87.0,46.0,3
1658,38.0,102.0,3
1354,0.0,119.0,3
1075,114.0,16.0,3
658,103.0,3.0,3
273,82.0,39.0,3
2156,125.0,0.0,3
1139,105.0,4.0,3
1740,114.0,0.0,3
273,82.0,39.0,3
459,99.0,20.0,3
1911,129.0,4.0,3
4,97.0,7.0,3
2156,125.0,0.0,3
29,94.0,6.0,3
377,87.0,46.0,3
746,122.0,0.0,3
22,97.0,10.0,3
1072,109.0,5.0,3
746,122.0,0.0,3
295,128.0,0.0,3
1684,138.0,0.0,3
1154,108.0,0.0,3
1075,114.0,16.0,3
1075,114.0,16.0,3
2029,94.0,25.0,3
1700,132.0,0.0,3
1498,148.0,0.0,3
295,128.0,0.0,3
2128,105.0,0.0,3
2098,31.0,106.0,3
1075,114.0,16.0,3
1364,62.0,42.0,3
1498,148.0,0.0,3
1517,127.0,0.0,3
929,129.0,0.0,3
346,106.0,0.0,3
295,128.0,0.0,3
1576,12.0,129.0,3
22,97.0,10.0,3
1154,108.0,0.0,3
180,139.0,2.0,3
897,103.0,6.0,3
1139,105.0,4.0,3
108,121.0,0.0,3
2153,140.0,0.0,3
1911,129.0,4.0,3
929,129.0,0.0,3
1213,101.0,5.0,3
548,108.0,6.0,3
1213,101.0,5.0,3
273,82.0,39.0,3
2336,109.0,35.0,3
746,122.0,0.0,3
2093,125.0,3.0,3
1666,127.0,0.0,3
1213,101.0,5.0,3
746,122.0,0.0,3
658,103.0,3.0,3
2090,102.0,8.0,3
1214,5.0,123.0,3
295,128.0,0.0,3
1863,109.0,1.0,3
346,106.0,0.0,3
658,103.0,3.0,3
983,118.0,4.0,3
429,84.0,64.0,3
2090,102.0,8.0,3
346,106.0,0.0,3
1945,122.0,0.0,3
459,99.0,20.0,3
1666,127.0,0.0,3
295,128.0,0.0,3
2029,94.0,25.0,3
459,99.0,20.0,3
247,105.0,4.0,3
2295,136.0,0.0,3
909,139.0,0.0,3
1740,114.0,0.0,3
377,87.0,46.0,3
2156,125.0,0.0,3
295,128.0,0.0,3
760,130.0,4.0,3
1740,114.0,0.0,3
1744,106.0,0.0,3
658,103.0,3.0,3
377,87.0,46.0,3
1900,126.0,0.0,3
1354,0.0,119.0,3
1744,106.0,0.0,3
1484,113.0,1.0,3
1911,129.0,4.0,3
1354,0.0,119.0,3
371,115.0,28.0,3
81,49.0,59.0,3
1154,108.0,0.0,3
441,121.0,9.0,3
247,105.0,4.0,3
1911,129.0,4.0,3
429,84.0,64.0,3
108,121.0,0.0,3
1576,12.0,129.0,3
346,106.0,0.0,3
1364,62.0,42.0,3
1484,113.0,1.0,3
247,105.0,4.0,3
1684,138.0,0.0,3
906,102.0,0.0,3
2115,107.0,0.0,3
81,49.0,59.0,3
929,129.0,0.0,3
1214,5.0,123.0,3
1226,116.0,7.0,3
180,139.0,2.0,3
2098,31.0,106.0,3
429,84.0,64.0,3
2295,136.0,0.0,3
1520,87.0,40.0,3
29,94.0,6.0,3
1213,101.0,5.0,3
2200,136.0,0.0,3
1070,136.0,0.0,3
459,99.0,20.0,3
2029,94.0,25.0,3
1811,116.0,10.0,3
1354,0.0,119.0,3
459,99.0,20.0,3
1354,0.0,119.0,3
2128,105.0,0.0,3
1520,87.0,40.0,3
346,106.0,0.0,3
1911,129.0,4.0,3
535,103.0,0.0,3
2312,108.0,0.0,3
2029,94.0,25.0,3
1354,0.0,119.0,3
4,97.0,7.0,3
24,142.0,0.0,3
2090,102.0,8.0,3
2091,131.0,3.0,3
760,130.0,4.0,3
1864,110.0,0.0,3
1075,114.0,16.0,3
1226,116.0,7.0,3
83,104.0,13.0,3
1911,129.0,4.0,3
1517,127.0,0.0,3
1520,87.0,40.0,3
1072,109.0,5.0,3
1520,87.0,40.0,3
2029,94.0,25.0,3
1640,37.0,87.0,3
548,108.0,6.0,3
1213,101.0,5.0,3
459,99.0,20.0,3
535,103.0,0.0,3
1900,126.0,0.0,3
441,121.0,9.0,3
1640,37.0,87.0,3
1666,127.0,0.0,3
371,115.0,28.0,3
372,115.0,18.0,3
1070,136.0,0.0,3
4,97.0,7.0,3
1811,116.0,10.0,3
24,142.0,0.0,3
377,87.0,46.0,3
1900,126.0,0.0,3
295,128.0,0.0,3
377,87.0,46.0,3
2312,108.0,0.0,3
746,122.0,0.0,3
909,139.0,0.0,3
180,139.0,2.0,3
1213,101.0,5.0,3
180,139.0,2.0,3
1911,129.0,4.0,3
1989,127.0,6.0,3
1684,138.0,0.0,3
909,139.0,0.0,3
1417,0.0,108.0,3
2093,125.0,3.0,3
906,102.0,0.0,3
2091,131.0,3.0,3
429,84.0,64.0,3
2336,109.0,35.0,3
1075,114.0,16.0,3
929,129.0,0.0,3
346,106.0,0.0,3
1576,12.0,129.0,3
1154,108.0,0.0,3
83,104.0,13.0,3
2156,125.0,0.0,3
1640,37.0,87.0,3
760,130.0,4.0,3
2115,107.0,0.0,3
273,82.0,39.0,3
1864,110.0,0.0,3
983,118.0,4.0,3
81,49.0,59.0,3
1075,114.0,16.0,3
2098,31.0,106.0,3
441,121.0,9.0,3
1666,127.0,0.0,3
274,102.0,0.0,3
897,103.0,6.0,3
2091,131.0,3.0,3
1945,122.0,0.0,3
906,102.0,0.0,3
1666,127.0,0.0,3
1075,114.0,16.0,3
4,97.0,7.0,3
548,108.0,6.0,3
1863,109.0,1.0,3
83,104.0,13.0,3
2156,125.0,0.0,3
81,49.0,59.0,3
24,142.0,0.0,3
1744,106.0,0.0,3
658,103.0,3.0,3
1744,106.0,0.0,3
1214,5.0,123.0,3
429,84.0,64.0,3
2336,109.0,35.0,3
4,97.0,7.0,3
1700,132.0,0.0,3
1520,87.0,40.0,3
29,94.0,6.0,3
2090,102.0,8.0,3
2098,31.0,106.0,3
1072,109.0,5.0,3
1139,105.0,4.0,3
2312,108.0,0.0,3
1354,0.0,119.0,3
897,103.0,6.0,3
1139,105.0,4.0,3
1811,116.0,10.0,3
24,142.0,0.0,3
1684,138.0,0.0,3
295,128.0,0.0,3
2098,31.0,106.0,3
1811,116.0,10.0,3
81,49.0,59.0,3
1900,126.0,0.0,3
429,84.0,64.0,3
1640,37.0,87.0,3
658,103.0,3.0,3
371,115.0,28.0,3
2115,107.0,0.0,3
1700,132.0,0.0,3
1226,116.0,7.0,3
2093,125.0,3.0,3
1226,116.0,7.0,3
1684,138.0,0.0,3
983,118.0,4.0,3
1700,132.0,0.0,3
2091,131.0,3.0,3
1740,114.0,0.0,3
1226,116.0,7.0,3
983,118.0,4.0,3
1700,132.0,0.0,3
81,49.0,59.0,3
929,129.0,0.0,3
29,94.0,6.0,3
273,82.0,39.0,3
1864,110.0,0.0,3
429,84.0,64.0,3
429,84.0,64.0,3
2156,125.0,0.0,3
1139,105.0,4.0,3
83,104.0,13.0,3
1744,106.0,0.0,3
2115,107.0,0.0,3
1498,148.0,0.0,3
658,103.0,3.0,3
1863,109.0,1.0,3
377,87.0,46.0,3
180,139.0,2.0,3
29,94.0,6.0,3
29,94.0,6.0,3
1864,110.0,0.0,3
760,130.0,4.0,3
2128,105.0,0.0,3
2128,105.0,0.0,3
906,102.0,0.0,3
1072,109.0,5.0,3
1684,138.0,0.0,3
2029,94.0,25.0,3
1700,132.0,0.0,3
459,99.0,20.0,3
548,108.0,6.0,3
81,49.0,59.0,3
1484,113.0,1.0,3
2029,94.0,25.0,3
619,113.0,0.0,3
548,108.0,6.0,3
2200,136.0,0.0,3
4,97.0,7.0,3
81,49.0,59.0,3
295,128.0,0.0,3
1576,12.0,129.0,3
1139,105.0,4.0,3
1666,127.0,0.0,3
1520,87.0,40.0,3
906,102.0,0.0,3
2336,109.0,35.0,3
897,103.0,6.0,3
1640,37.0,87.0,3
1864,110.0,0.0,3
2091,131.0,3.0,3
1658,38.0,102.0,3
2029,94.0,25.0,3
897,103.0,6.0,3
1213,101.0,5.0,3
4,97.0,7.0,3
180,139.0,2.0,3
1740,114.0,0.0,3
1640,37.0,87.0,3
1864,110.0,0.0,3
371,115.0,28.0,3
909,139.0,0.0,3
22,97.0,10.0,3
897,103.0,6.0,3
371,115.0,28.0,3
1945,122.0,0.0,3
1864,110.0,0.0,3
108,121.0,0.0,3
24,142.0,0.0,3
658,103.0,3.0,3
441,121.0,9.0,3
1226,116.0,7.0,3
372,115.0,18.0,3
2093,125.0,3.0,3
909,139.0,0.0,3
1354,0.0,119.0,3
1900,126.0,0.0,3
429,84.0,64.0,3
1517,127.0,0.0,3
760,130.0,4.0,3
429,84.0,64.0,3
346,106.0,0.0,3
760,130.0,4.0,3
2153,140.0,0.0,3
273,82.0,39.0,3
2128,105.0,0.0,3
441,121.0,9.0,3
1139,105.0,4.0,3
180,139.0,2.0,3
1364,62.0,42.0,3
1484,113.0,1.0,3
1417,0.0,108.0,3
83,104.0,13.0,3
1740,114.0,0.0,3
897,103.0,6.0,3
2093,125.0,3.0,3
1945,122.0,0.0,3
1864,110.0,0.0,3
1945,122.0,0.0,3
2200,136.0,0.0,3
1075,114.0,16.0,3
1744,106.0,0.0,3
619,113.0,0.0,3
548,108.0,6.0,3
2200,136.0,0.0,3
2200,136.0,0.0,3
29,94.0,6.0,3
2090,102.0,8.0,3
2090,102.0,8.0,3
746,122.0,0.0,3
1863,109.0,1.0,3
247,105.0,4.0,3
24,142.0,0.0,3
1070,136.0,0.0,3
1364,62.0,42.0,3
1213,101.0,5.0,3
746,122.0,0.0,3
83,104.0,13.0,3
2115,107.0,0.0,3
29,94.0,6.0,3
83,104.0,13.0,3
1700,132.0,0.0,3
2090,102.0,8.0,3
1900,126.0,0.0,3
2115,107.0,0.0,3
180,139.0,2.0,3
897,103.0,6.0,3
1700,132.0,0.0,3
1520,87.0,40.0,3
1517,127.0,0.0,3
81,49.0,59.0,3
2200,136.0,0.0,3
897,103.0,6.0,3
2153,140.0,0.0,3
459,99.0,20.0,3
535,103.0,0.0,3
295,128.0,0.0,3
1640,37.0,87.0,3
4,97.0,7.0,3
371,115.0,28.0,3
2093,125.0,3.0,3
1226,116.0,7.0,3
1214,5.0,123.0,3
274,102.0,0.0,3
24,142.0,0.0,3
1075,114.0,16.0,3
83,104.0,13.0,3
1684,138.0,0.0,3
273,82.0,39.0,3
81,49.0,59.0,3
658,103.0,3.0,3
273,82.0,39.0,3
1517,127.0,0.0,3
22,97.0,10.0,3
346,106.0,0.0,3
1364,62.0,42.0,3
22,97.0,10.0,3
2098,31.0,106.0,3
2091,131.0,3.0,3
2336,109.0,35.0,3
429,84.0,64.0,3
247,105.0,4.0,3
372,115.0,18.0,3
746,122.0,0.0,3
1226,116.0,7.0,3
1154,108.0,0.0,3
1666,127.0,0.0,3
2156,125.0,0.0,3
2090,102.0,8.0,3
1989,127.0,6.0,3
1684,138.0,0.0,3
247,105.0,4.0,3
1139,105.0,4.0,3
1154,108.0,0.0,3
4,97.0,7.0,3
1364,62.0,42.0,3
2093,125.0,3.0,3
619,113.0,0.0,3
1989,127.0,6.0,3
2093,125.0,3.0,3
2312,108.0,0.0,3
274,102.0,0.0,3
371,115.0,28.0,3
1989,127.0,6.0,3
983,118.0,4.0,3
1154,108.0,0.0,3
1214,5.0,123.0,3
81,49.0,59.0,3
897,103.0,6.0,3
2090,102.0,8.0,3
29,94.0,6.0,3
1484,113.0,1.0,3
441,121.0,9.0,3
1364,62.0,42.0,3
2312,108.0,0.0,3
1354,0.0,119.0,3
371,115.0,28.0,3
1072,109.0,5.0,3
1700,132.0,0.0,3
1226,116.0,7.0,3
658,103.0,3.0,3
2091,131.0,3.0,3
372,115.0,18.0,3
760,130.0,4.0,3
429,84.0,64.0,3
2115,107.0,0.0,3
1744,106.0,0.0,3
1700,132.0,0.0,3
1354,0.0,119.0,3
1700,132.0,0.0,3
2200,136.0,0.0,3
83,104.0,13.0,3
2128,105.0,0.0,3
108,121.0,0.0,3
1700,132.0,0.0,3
2312,108.0,0.0,3
1484,113.0,1.0,3
2093,125.0,3.0,3
372,115.0,18.0,3
929,129.0,0.0,3
1075,114.0,16.0,3
906,102.0,0.0,3
1213,101.0,5.0,3
929,129.0,0.0,3
1226,116.0,7.0,3
1900,126.0,0.0,3
906,102.0,0.0,3
1863,109.0,1.0,3
1075,114.0,16.0,3
2153,140.0,0.0,3
2115,107.0,0.0,3
273,82.0,39.0,3
81,49.0,59.0,3
1226,116.0,7.0,3
346,106.0,0.0,3
1070,136.0,0.0,3
1640,37.0,87.0,3
1740,114.0,0.0,3
1864,110.0,0.0,3
372,115.0,18.0,3
929,129.0,0.0,3
180,139.0,2.0,3
81,49.0,59.0,3
929,129.0,0.0,3
1640,37.0,87.0,3
2153,140.0,0.0,3
1520,87.0,40.0,3
22,97.0,10.0,3
906,102.0,0.0,3
1213,101.0,5.0,3
1213,101.0,5.0,3
897,103.0,6.0,3
1498,148.0,0.0,3
906,102.0,0.0,3
2156,125.0,0.0,3
535,103.0,0.0,3
274,102.0,0.0,3
1226,116.0,7.0,3
83,104.0,13.0,3
2312,108.0,0.0,3
658,103.0,3.0,3
1640,37.0,87.0,3
1576,12.0,129.0,3
295,128.0,0.0,3
346,106.0,0.0,3
2090,102.0,8.0,3
1989,127.0,6.0,3
1498,148.0,0.0,3
2153,140.0,0.0,3
81,49.0,59.0,3
1214,5.0,123.0,3
2312,108.0,0.0,3
1070,136.0,0.0,3
247,105.0,4.0,3
1700,132.0,0.0,3
929,129.0,0.0,3
1364,62.0,42.0,3
1417,0.0,108.0,3
274,102.0,0.0,3
658,103.0,3.0,3
4,97.0,7.0,3
1576,12.0,129.0,3
548,108.0,6.0,3
1213,101.0,5.0,3
1811,116.0,10.0,3
1900,126.0,0.0,3
4,97.0,7.0,3
2091,131.0,3.0,3
1811,116.0,10.0,3
1863,109.0,1.0,3
1364,62.0,42.0,3
372,115.0,18.0,3
548,108.0,6.0,3
1640,37.0,87.0,3
2336,109.0,35.0,3
1744,106.0,0.0,3
247,105.0,4.0,3
1740,114.0,0.0,3
1900,126.0,0.0,3
897,103.0,6.0,3
1417,0.0,108.0,3
1154,108.0,0.0,3
2091,131.0,3.0,3
760,130.0,4.0,3
1226,116.0,7.0,3
22,97.0,10.0,3
108,121.0,0.0,3
1139,105.0,4.0,3
429,84.0,64.0,3
1498,148.0,0.0,3
1945,122.0,0.0,3
1700,132.0,0.0,3
1811,116.0,10.0,3
746,122.0,0.0,3
760,130.0,4.0,3
2295,136.0,0.0,3
1740,114.0,0.0,3
2200,136.0,0.0,3
1075,114.0,16.0,3
1666,127.0,0.0,3
929,129.0,0.0,3
2091,131.0,3.0,3
619,113.0,0.0,3
897,103.0,6.0,3
909,139.0,0.0,3
1666,127.0,0.0,3
2295,136.0,0.0,3
1666,127.0,0.0,3
535,103.0,0.0,3
2091,131.0,3.0,3
2029,94.0,25.0,3
1666,127.0,0.0,3
2295,136.0,0.0,3
4,97.0,7.0,3
346,106.0,0.0,3
1700,132.0,0.0,3
1864,110.0,0.0,3
2090,102.0,8.0,3
1072,109.0,5.0,3
983,118.0,4.0,3
929,129.0,0.0,3
1666,127.0,0.0,3
1520,87.0,40.0,3
983,118.0,4.0,3
377,87.0,46.0,3
1364,62.0,42.0,3
459,99.0,20.0,3
441,121.0,9.0,3
4,97.0,7.0,3
1640,37.0,87.0,3
2115,107.0,0.0,3
1226,116.0,7.0,3
1700,132.0,0.0,3
2091,131.0,3.0,3
29,94.0,6.0,3
4,97.0,7.0,3
180,139.0,2.0,3
929,129.0,0.0,3
1863,109.0,1.0,3
24,142.0,0.0,3
1072,109.0,5.0,3
273,82.0,39.0,3
1139,105.0,4.0,3
1863,109.0,1.0,3
1072,109.0,5.0,3
1684,138.0,0.0,3
108,121.0,0.0,3
180,139.0,2.0,3
2098,31.0,106.0,3
1900,126.0,0.0,3
2128,105.0,0.0,3
1945,122.0,0.0,3
2312,108.0,0.0,3
1811,116.0,10.0,3
2128,105.0,0.0,3
1700,132.0,0.0,3
180,139.0,2.0,3
1139,105.0,4.0,3
1154,108.0,0.0,3
1072,109.0,5.0,3
1576,12.0,129.0,3
377,87.0,46.0,3
2153,140.0,0.0,3
1214,5.0,123.0,3
1811,116.0,10.0,3
371,115.0,28.0,3
1863,109.0,1.0,3
1658,38.0,102.0,3
108,121.0,0.0,3
108,121.0,0.0,3
1075,114.0,16.0,3
658,103.0,3.0,3
459,99.0,20.0,3
459,99.0,20.0,3
1213,101.0,5.0,3
929,129.0,0.0,3
1989,127.0,6.0,3
22,97.0,10.0,3
4,97.0,7.0,3
1640,37.0,87.0,3
2156,125.0,0.0,3
535,103.0,0.0,3
274,102.0,0.0,3
22,97.0,10.0,3
2128,105.0,0.0,3
295,128.0,0.0,3
535,103.0,0.0,3
81,49.0,59.0,3
1214,5.0,123.0,3
1226,116.0,7.0,3
247,105.0,4.0,3
1744,106.0,0.0,3
1517,127.0,0.0,3
746,122.0,0.0,3
983,118.0,4.0,3
1945,122.0,0.0,3
371,115.0,28.0,3
247,105.0,4.0,3
1364,62.0,42.0,3
2115,107.0,0.0,3
760,130.0,4.0,3
2336,109.0,35.0,3
619,113.0,0.0,3
29,94.0,6.0,3
897,103.0,6.0,3
1911,129.0,4.0,3
929,129.0,0.0,3
1214,5.0,123.0,3
2200,136.0,0.0,3
441,121.0,9.0,3
1484,113.0,1.0,3
1417,0.0,108.0,3
1226,116.0,7.0,3
1139,105.0,4.0,3
429,84.0,64.0,3
1214,5.0,123.0,3
760,130.0,4.0,3
906,102.0,0.0,3
1900,126.0,0.0,3
1070,136.0,0.0,3
83,104.0,13.0,3
1364,62.0,42.0,3
295,128.0,0.0,3
1744,106.0,0.0,3
2295,136.0,0.0,3
273,82.0,39.0,3
1520,87.0,40.0,3
429,84.0,64.0,3
897,103.0,6.0,3
2090,102.0,8.0,3
1576,12.0,129.0,3
2093,125.0,3.0,3
22,97.0,10.0,3
1811,116.0,10.0,3
2098,31.0,106.0,3
1700,132.0,0.0,3
1744,106.0,0.0,3
1213,101.0,5.0,3
897,103.0,6.0,3
929,129.0,0.0,3
548,108.0,6.0,3
274,102.0,0.0,3
1364,62.0,42.0,3
274,102.0,0.0,3
1213,101.0,5.0,3
1945,122.0,0.0,3
1354,0.0,119.0,3
1811,116.0,10.0,3
1863,109.0,1.0,3
1577,19.0,418.0,4
518,178.0,0.0,4
1972,218.0,0.0,4
1748,178.0,4.0,4
589,145.0,32.0,4
2185,67.0,141.0,4
2285,200.0,0.0,4
2046,4.0,248.0,4
2046,4.0,248.0,4
2349,180.0,0.0,4
821,284.0,18.0,4
149,804.0,0.0,4
611,244.0,30.0,4
1607,6.0,148.0,4
78,152.0,0.0,4
2349,180.0,0.0,4
886,232.0,46.0,4
1189,159.0,0.0,4
78,152.0,0.0,4
1850,214.0,25.0,4
1746,288.0,23.0,4
589,145.0,32.0,4
974,154.0,0.0,4
2047,0.0,466.0,4
1685,256.0,2.0,4
611,244.0,30.0,4
1541,26.0,139.0,4
1704,261.0,1.0,4
1340,1.0,157.0,4
1746,288.0,23.0,4
2107,1.0,266.0,4
518,178.0,0.0,4
1791,411.0,2.0,4
1791,411.0,2.0,4
1499,163.0,0.0,4
1791,411.0,2.0,4
1571,43.0,148.0,4
1642,1.0,333.0,4
1850,214.0,25.0,4
149,804.0,0.0,4
1571,43.0,148.0,4
290,206.0,5.0,4
589,145.0,32.0,4
1996,202.0,2.0,4
1205,181.0,8.0,4
569,268.0,9.0,4
160,217.0,0.0,4
1746,288.0,23.0,4
452,288.0,24.0,4
344,145.0,170.0,4
1607,6.0,148.0,4
78,152.0,0.0,4
2233,5.0,347.0,4
1746,288.0,23.0,4
1939,164.0,0.0,4
1436,116.0,35.0,4
319,216.0,9.0,4
1499,163.0,0.0,4
1140,430.0,16.0,4
2094,0.0,173.0,4
2108,0.0,549.0,4
1164,276.0,0.0,4
1565,175.0,1.0,4
160,217.0,0.0,4
78,152.0,0.0,4
275,244.0,0.0,4
1627,284.0,7.0,4
160,217.0,0.0,4
1627,284.0,7.0,4
1845,0.0,299.0,4
569,268.0,9.0,4
1436,116.0,35.0,4
1039,153.0,0.0,4
2014,495.0,2.0,4
1791,411.0,2.0,4
452,288.0,24.0,4
1534,218.0,7.0,4
518,178.0,0.0,4
1972,218.0,0.0,4
2094,0.0,173.0,4
2285,200.0,0.0,4
1791,411.0,2.0,4
1206,224.0,7.0,4
2255,1.0,522.0,4
2107,1.0,266.0,4
2182,0.0,254.0,4
1607,6.0,148.0,4
821,284.0,18.0,4
823,286.0,38.0,4
1746,288.0,23.0,4
1207,197.0,6.0,4
826,460.0,34.0,4
518,178.0,0.0,4
1449,49.0,121.0,4
1856,431.0,8.0,4
1939,164.0,0.0,4
344,145.0,170.0,4
2349,180.0,0.0,4
13,223.0,8.0,4
319,216.0,9.0,4
2349,180.0,0.0,4
1845,0.0,299.0,4
378,104.0,101.0,4
2108,0.0,549.0,4
319,216.0,9.0,4
1140,430.0,16.0,4
1140,430.0,16.0,4
974,154.0,0.0,4
258,237.0,0.0,4
1207,197.0,6.0,4
825,208.0,26.0,4
290,206.0,5.0,4
1996,202.0,2.0,4
1972,218.0,0.0,4
440,177.0,18.0,4
1039,153.0,0.0,4
974,154.0,0.0,4
1534,218.0,7.0,4
648,161.0,0.0,4
1791,411.0,2.0,4
2349,180.0,0.0,4
1170,148.0,25.0,4
1436,116.0,35.0,4
2256,227.0,5.0,4
1140,430.0,16.0,4
1856,431.0,8.0,4
1499,163.0,0.0,4
2094,0.0,173.0,4
149,804.0,0.0,4
13,223.0,8.0,4
258,237.0,0.0,4
452,288.0,24.0,4
824,243.0,13.0,4
344,145.0,170.0,4
2103,0.0,200.0,4
518,178.0,0.0,4
1340,1.0,157.0,4
2065,560.0,29.0,4
1571,43.0,148.0,4
1845,0.0,299.0,4
1577,19.0,418.0,4
160,217.0,0.0,4
648,161.0,0.0,4
518,178.0,0.0,4
1367,0.0,170.0,4
826,460.0,34.0,4
1164,276.0,0.0,4
451,288.0,11.0,4
971,182.0,11.0,4
1939,164.0,0.0,4
1704,261.0,1.0,4
2256,227.0,5.0,4
825,208.0,26.0,4
1865,197.0,3.0,4
1340,1.0,157.0,4
1449,49.0,121.0,4
1791,411.0,2.0,4
1676,227.0,6.0,4
275,244.0,0.0,4
825,208.0,26.0,4
825,208.0,26.0,4
1436,116.0,35.0,4
2233,5.0,347.0,4
886,232.0,46.0,4
1791,411.0,2.0,4
2046,4.0,248.0,4
1791,411.0,2.0,4
13,223.0,8.0,4
824,243.0,13.0,4
1791,411.0,2.0,4
2065,560.0,29.0,4
149,804.0,0.0,4
1938,156.0,0.0,4
1972,218.0,0.0,4
824,243.0,13.0,4
344,145.0,170.0,4
1791,411.0,2.0,4
1170,148.0,25.0,4
1571,43.0,148.0,4
1436,116.0,35.0,4
821,284.0,18.0,4
2103,0.0,200.0,4
1704,261.0,1.0,4
971,182.0,11.0,4
2349,180.0,0.0,4
1577,19.0,418.0,4
1791,411.0,2.0,4
1685,256.0,2.0,4
1577,19.0,418.0,4
440,177.0,18.0,4
1205,181.0,8.0,4
78,152.0,0.0,4
149,804.0,0.0,4
1655,218.0,6.0,4
2108,0.0,549.0,4
1704,261.0,1.0,4
78,152.0,0.0,4
78,152.0,0.0,4
1627,284.0,7.0,4
2285,200.0,0.0,4
13,223.0,8.0,4
570,151.0,10.0,4
78,152.0,0.0,4
1607,6.0,148.0,4
1436,116.0,35.0,4
971,182.0,11.0,4
1938,156.0,0.0,4
971,182.0,11.0,4
1898,344.0,0.0,4
1642,1.0,333.0,4
2046,4.0,248.0,4
1655,218.0,6.0,4
566,438.0,0.0,4
1189,159.0,0.0,4
821,284.0,18.0,4
1904,192.0,4.0,4
1938,156.0,0.0,4
2256,227.0,5.0,4
378,104.0,101.0,4
561,91.0,82.0,4
1996,202.0,2.0,4
1704,261.0,1.0,4
1938,156.0,0.0,4
2107,1.0,266.0,4
149,804.0,0.0,4
579,195.0,10.0,4
1704,261.0,1.0,4
1164,276.0,0.0,4
570,151.0,10.0,4
1882,179.0,2.0,4
570,151.0,10.0,4
579,195.0,10.0,4
1939,164.0,0.0,4
1577,19.0,418.0,4
974,154.0,0.0,4
1206,224.0,7.0,4
1205,181.0,8.0,4
2182,0.0,254.0,4
13,223.0,8.0,4
378,104.0,101.0,4
1676,227.0,6.0,4
1565,175.0,1.0,4
648,161.0,0.0,4
930,213.0,0.0,4
1340,1.0,157.0,4
290,206.0,5.0,4
561,91.0,82.0,4
1746,288.0,23.0,4
78,152.0,0.0,4
13,223.0,8.0,4
1534,218.0,7.0,4
440,177.0,18.0,4
1904,192.0,4.0,4
1170,148.0,25.0,4
971,182.0,11.0,4
344,145.0,170.0,4
570,151.0,10.0,4
1534,218.0,7.0,4
2107,1.0,266.0,4
149,804.0,0.0,4
579,195.0,10.0,4
821,284.0,18.0,4
1627,284.0,7.0,4
974,154.0,0.0,4
821,284.0,18.0,4
2046,4.0,248.0,4
1972,218.0,0.0,4
1164,276.0,0.0,4
1189,159.0,0.0,4
2233,5.0,347.0,4
822,289.0,37.0,4
569,268.0,9.0,4
2182,0.0,254.0,4
1865,197.0,3.0,4
1627,284.0,7.0,4
1140,430.0,16.0,4
2107,1.0,266.0,4
1748,178.0,4.0,4
1207,197.0,6.0,4
974,154.0,0.0,4
1898,344.0,0.0,4
974,154.0,0.0,4
452,288.0,24.0,4
589,145.0,32.0,4
1534,218.0,7.0,4
579,195.0,10.0,4
319,216.0,9.0,4
290,206.0,5.0,4
1882,179.0,2.0,4
566,438.0,0.0,4
974,154.0,0.0,4
1534,218.0,7.0,4
2047,0.0,466.0,4
1704,261.0,1.0,4
2256,227.0,5.0,4
611,244.0,30.0,4
886,232.0,46.0,4
1189,159.0,0.0,4
1571,43.0,148.0,4
1627,284.0,7.0,4
319,216.0,9.0,4
824,243.0,13.0,4
824,243.0,13.0,4
589,145.0,32.0,4
886,232.0,46.0,4
825,208.0,26.0,4
1850,214.0,25.0,4
1904,192.0,4.0,4
1748,178.0,4.0,4
1534,218.0,7.0,4
570,151.0,10.0,4
160,217.0,0.0,4
1140,430.0,16.0,4
1850,214.0,25.0,4
1541,26.0,139.0,4
566,438.0,0.0,4
1436,116.0,35.0,4
886,232.0,46.0,4
1450,116.0,42.0,4
275,244.0,0.0,4
1170,148.0,25.0,4
821,284.0,18.0,4
1450,116.0,42.0,4
1607,6.0,148.0,4
1746,288.0,23.0,4
1845,0.0,299.0,4
2255,1.0,522.0,4
971,182.0,11.0,4
2285,200.0,0.0,4
974,154.0,0.0,4
1882,179.0,2.0,4
569,268.0,9.0,4
822,289.0,37.0,4
1627,284.0,7.0,4
1685,256.0,2.0,4
1882,179.0,2.0,4
1450,116.0,42.0,4
821,284.0,18.0,4
971,182.0,11.0,4
1499,163.0,0.0,4
2256,227.0,5.0,4
648,161.0,0.0,4
1865,197.0,3.0,4
824,243.0,13.0,4
78,152.0,0.0,4
566,438.0,0.0,4
974,154.0,0.0,4
344,145.0,170.0,4
1367,0.0,170.0,4
1534,218.0,7.0,4
1205,181.0,8.0,4
1340,1.0,157.0,4
823,286.0,38.0,4
1565,175.0,1.0,4
822,289.0,37.0,4
821,284.0,18.0,4
451,288.0,11.0,4
1746,288.0,23.0,4
290,206.0,5.0,4
1676,227.0,6.0,4
1164,276.0,0.0,4
1449,49.0,121.0,4
579,195.0,10.0,4
1856,431.0,8.0,4
319,216.0,9.0,4
561,91.0,82.0,4
452,288.0,24.0,4
2047,0.0,466.0,4
2285,200.0,0.0,4
518,178.0,0.0,4
1865,197.0,3.0,4
971,182.0,11.0,4
2285,200.0,0.0,4
1845,0.0,299.0,4
2256,227.0,5.0,4
1571,43.0,148.0,4
822,289.0,37.0,4
1685,256.0,2.0,4
1845,0.0,299.0,4
1791,411.0,2.0,4
611,244.0,30.0,4
1685,256.0,2.0,4
1685,256.0,2.0,4
2256,227.0,5.0,4
1541,26.0,139.0,4
1577,19.0,418.0,4
1340,1.0,157.0,4
1938,156.0,0.0,4
518,178.0,0.0,4
1627,284.0,7.0,4
1746,288.0,23.0,4
319,216.0,9.0,4
1607,6.0,148.0,4
1746,288.0,23.0,4
258,237.0,0.0,4
1898,344.0,0.0,4
275,244.0,0.0,4
1499,163.0,0.0,4
1642,1.0,333.0,4
1206,224.0,7.0,4
1577,19.0,418.0,4
561,91.0,82.0,4
451,288.0,11.0,4
886,232.0,46.0,4
570,151.0,10.0,4
566,438.0,0.0,4
1845,0.0,299.0,4
570,151.0,10.0,4
1685,256.0,2.0,4
1642,1.0,333.0,4
1791,411.0,2.0,4
648,161.0,0.0,4
344,145.0,170.0,4
440,177.0,18.0,4
13,223.0,8.0,4
1685,256.0,2.0,4
13,223.0,8.0,4
1039,153.0,0.0,4
1534,218.0,7.0,4
13,223.0,8.0,4
561,91.0,82.0,4
1748,178.0,4.0,4
1850,214.0,25.0,4
1845,0.0,299.0,4
1904,192.0,4.0,4
611,244.0,30.0,4
1882,179.0,2.0,4
2047,0.0,466.0,4
823,286.0,38.0,4
561,91.0,82.0,4
1571,43.0,148.0,4
2256,227.0,5.0,4
1676,227.0,6.0,4
826,460.0,34.0,4
2094,0.0,173.0,4
1904,192.0,4.0,4
1499,163.0,0.0,4
1791,411.0,2.0,4
1904,192.0,4.0,4
2047,0.0,466.0,4
561,91.0,82.0,4
1534,218.0,7.0,4
2255,1.0,522.0,4
1205,181.0,8.0,4
974,154.0,0.0,4
648,161.0,0.0,4
373,182.0,41.0,4
1904,192.0,4.0,4
1039,153.0,0.0,4
1577,19.0,418.0,4
373,182.0,41.0,4
570,151.0,10.0,4
1685,256.0,2.0,4
13,223.0,8.0,4
1904,192.0,4.0,4
160,217.0,0.0,4
561,91.0,82.0,4
821,284.0,18.0,4
2107,1.0,266.0,4
78,152.0,0.0,4
971,182.0,11.0,4
2233,5.0,347.0,4
821,284.0,18.0,4
440,177.0,18.0,4
1565,175.0,1.0,4
1140,430.0,16.0,4
974,154.0,0.0,4
974,154.0,0.0,4
1748,178.0,4.0,4
1571,43.0,148.0,4
1367,0.0,170.0,4
440,177.0,18.0,4
1882,179.0,2.0,4
1856,431.0,8.0,4
974,154.0,0.0,4
1206,224.0,7.0,4
2014,495.0,2.0,4
1367,0.0,170.0,4
1436,116.0,35.0,4
826,460.0,34.0,4
451,288.0,11.0,4
440,177.0,18.0,4
1450,116.0,42.0,4
78,152.0,0.0,4
1140,430.0,16.0,4
2285,200.0,0.0,4
2108,0.0,549.0,4
319,216.0,9.0,4
823,286.0,38.0,4
2014,495.0,2.0,4
1039,153.0,0.0,4
290,206.0,5.0,4
1898,344.0,0.0,4
1685,256.0,2.0,4
2046,4.0,248.0,4
826,460.0,34.0,4
1164,276.0,0.0,4
589,145.0,32.0,4
1164,276.0,0.0,4
373,182.0,41.0,4
1996,202.0,2.0,4
821,284.0,18.0,4
1850,214.0,25.0,4
1541,26.0,139.0,4
1164,276.0,0.0,4
2182,0.0,254.0,4
821,284.0,18.0,4
648,161.0,0.0,4
1791,411.0,2.0,4
1170,148.0,25.0,4
440,177.0,18.0,4
1642,1.0,333.0,4
451,288.0,11.0,4
648,161.0,0.0,4
886,232.0,46.0,4
566,438.0,0.0,4
1791,411.0,2.0,4
2233,5.0,347.0,4
2256,227.0,5.0,4
451,288.0,11.0,4
1704,261.0,1.0,4
570,151.0,10.0,4
1541,26.0,139.0,4
440,177.0,18.0,4
1748,178.0,4.0,4
570,151.0,10.0,4
2047,0.0,466.0,4
344,145.0,170.0,4
1939,164.0,0.0,4
825,208.0,26.0,4
2094,0.0,173.0,4
1577,19.0,418.0,4
2185,67.0,141.0,4
561,91.0,82.0,4
1904,192.0,4.0,4
440,177.0,18.0,4
822,289.0,37.0,4
1577,19.0,418.0,4
2255,1.0,522.0,4
1607,6.0,148.0,4
648,161.0,0.0,4
561,91.0,82.0,4
1676,227.0,6.0,4
1205,181.0,8.0,4
1607,6.0,148.0,4
1340,1.0,157.0,4
1685,256.0,2.0,4
1205,181.0,8.0,4
452,288.0,24.0,4
258,237.0,0.0,4
1140,430.0,16.0,4
2285,200.0,0.0,4
2046,4.0,248.0,4
569,268.0,9.0,4
2047,0.0,466.0,4
344,145.0,170.0,4
2014,495.0,2.0,4
1685,256.0,2.0,4
566,438.0,0.0,4
290,206.0,5.0,4
1450,116.0,42.0,4
451,288.0,11.0,4
1206,224.0,7.0,4
1340,1.0,157.0,4
344,145.0,170.0,4
1565,175.0,1.0,4
824,243.0,13.0,4
1865,197.0,3.0,4
258,237.0,0.0,4
826,460.0,34.0,4
1170,148.0,25.0,4
1189,159.0,0.0,4
2185,67.0,141.0,4
319,216.0,9.0,4
1856,431.0,8.0,4
2256,227.0,5.0,4
566,438.0,0.0,4
1939,164.0,0.0,4
1449,49.0,121.0,4
160,217.0,0.0,4
1164,276.0,0.0,4
1938,156.0,0.0,4
930,213.0,0.0,4
570,151.0,10.0,4
1748,178.0,4.0,4
1627,284.0,7.0,4
1205,181.0,8.0,4
2014,495.0,2.0,4
570,151.0,10.0,4
1205,181.0,8.0,4
1882,179.0,2.0,4
1449,49.0,121.0,4
451,288.0,11.0,4
1685,256.0,2.0,4
579,195.0,10.0,4
1972,218.0,0.0,4
1748,178.0,4.0,4
1205,181.0,8.0,4
13,223.0,8.0,4
149,804.0,0.0,4
2065,560.0,29.0,4
1791,411.0,2.0,4
1845,0.0,299.0,4
822,289.0,37.0,4
1655,218.0,6.0,4
974,154.0,0.0,4
1189,159.0,0.0,4
275,244.0,0.0,4
1685,256.0,2.0,4
1436,116.0,35.0,4
1449,49.0,121.0,4
971,182.0,11.0,4
1449,49.0,121.0,4
1748,178.0,4.0,4
1499,163.0,0.0,4
589,145.0,32.0,4
2107,1.0,266.0,4
2255,1.0,522.0,4
2046,4.0,248.0,4
1164,276.0,0.0,4
570,151.0,10.0,4
579,195.0,10.0,4
1676,227.0,6.0,4
569,268.0,9.0,4
1499,163.0,0.0,4
1541,26.0,139.0,4
452,288.0,24.0,4
518,178.0,0.0,4
930,213.0,0.0,4
13,223.0,8.0,4
1627,284.0,7.0,4
149,804.0,0.0,4
561,91.0,82.0,4
2285,200.0,0.0,4
1676,227.0,6.0,4
2046,4.0,248.0,4
440,177.0,18.0,4
2014,495.0,2.0,4
561,91.0,82.0,4
1972,218.0,0.0,4
2047,0.0,466.0,4
821,284.0,18.0,4
825,208.0,26.0,4
319,216.0,9.0,4
1164,276.0,0.0,4
319,216.0,9.0,4
1685,256.0,2.0,4
1746,288.0,23.0,4
1565,175.0,1.0,4
825,208.0,26.0,4
1207,197.0,6.0,4
1850,214.0,25.0,4
824,243.0,13.0,4
1845,0.0,299.0,4
566,438.0,0.0,4
1996,202.0,2.0,4
974,154.0,0.0,4
2233,5.0,347.0,4
2065,560.0,29.0,4
826,460.0,34.0,4
451,288.0,11.0,4
1450,116.0,42.0,4
1140,430.0,16.0,4
275,244.0,0.0,4
2182,0.0,254.0,4
1904,192.0,4.0,4
1499,163.0,0.0,4
822,289.0,37.0,4
1865,197.0,3.0,4
373,182.0,41.0,4
1655,218.0,6.0,4
886,232.0,46.0,4
258,237.0,0.0,4
974,154.0,0.0,4
1856,431.0,8.0,4
569,268.0,9.0,4
1541,26.0,139.0,4
378,104.0,101.0,4
2255,1.0,522.0,4
823,286.0,38.0,4
1845,0.0,299.0,4
2256,227.0,5.0,4
1704,261.0,1.0,4
824,243.0,13.0,4
1541,26.0,139.0,4
2065,560.0,29.0,4
974,154.0,0.0,4
13,223.0,8.0,4
589,145.0,32.0,4
1642,1.0,333.0,4
275,244.0,0.0,4
2108,0.0,549.0,4
1904,192.0,4.0,4
258,237.0,0.0,4
149,804.0,0.0,4
1607,6.0,148.0,4
648,161.0,0.0,4
1607,6.0,148.0,4
1170,148.0,25.0,4
2014,495.0,2.0,4
2014,495.0,2.0,4
2185,67.0,141.0,4
566,438.0,0.0,4
2255,1.0,522.0,4
2094,0.0,173.0,4
1996,202.0,2.0,4
13,223.0,8.0,4
1571,43.0,148.0,4
1449,49.0,121.0,4
2065,560.0,29.0,4
160,217.0,0.0,4
1791,411.0,2.0,4
1856,431.0,8.0,4
971,182.0,11.0,4
1039,153.0,0.0,4
1972,218.0,0.0,4
1205,181.0,8.0,4
823,286.0,38.0,4
1039,153.0,0.0,4
1627,284.0,7.0,4
149,804.0,0.0,4
1565,175.0,1.0,4
440,177.0,18.0,4
1856,431.0,8.0,4
1627,284.0,7.0,4
258,237.0,0.0,4
1676,227.0,6.0,4
566,438.0,0.0,4
1499,163.0,0.0,4
648,161.0,0.0,4
2103,0.0,200.0,4
2255,1.0,522.0,4
452,288.0,24.0,4
1865,197.0,3.0,4
2046,4.0,248.0,4
1571,43.0,148.0,4
1189,159.0,0.0,4
1850,214.0,25.0,4
1189,159.0,0.0,4
1565,175.0,1.0,4
2182,0.0,254.0,4
886,232.0,46.0,4
2103,0.0,200.0,4
1571,43.0,148.0,4
1845,0.0,299.0,4
1577,19.0,418.0,4
1189,159.0,0.0,4
2349,180.0,0.0,4
2103,0.0,200.0,4
886,232.0,46.0,4
1571,43.0,148.0,4
2108,0.0,549.0,4
258,237.0,0.0,4
826,460.0,34.0,4
160,217.0,0.0,4
373,182.0,41.0,4
1655,218.0,6.0,4
566,438.0,0.0,4
2014,495.0,2.0,4
566,438.0,0.0,4
2233,5.0,347.0,4
2349,180.0,0.0,4
1904,192.0,4.0,4
1039,153.0,0.0,4
275,244.0,0.0,4
1607,6.0,148.0,4
1865,197.0,3.0,4
2065,560.0,29.0,4
1367,0.0,170.0,4
2046,4.0,248.0,4
648,161.0,0.0,4
1642,1.0,333.0,4
2107,1.0,266.0,4
2046,4.0,248.0,4
561,91.0,82.0,4
319,216.0,9.0,4
160,217.0,0.0,4
160,217.0,0.0,4
1655,218.0,6.0,4
822,289.0,37.0,4
1882,179.0,2.0,4
1882,179.0,2.0,4
824,243.0,13.0,4
971,182.0,11.0,4
1565,175.0,1.0,4
1748,178.0,4.0,4
1571,43.0,148.0,4
570,151.0,10.0,4
589,145.0,32.0,4
258,237.0,0.0,4
2182,0.0,254.0,4
1340,1.0,157.0,4
1748,178.0,4.0,4
611,244.0,30.0,4
589,145.0,32.0,4
1938,156.0,0.0,4
13,223.0,8.0,4
258,237.0,0.0,4
440,177.0,18.0,4
1450,116.0,42.0,4
1039,153.0,0.0,4
1541,26.0,139.0,4
2094,0.0,173.0,4
1449,49.0,121.0,4
824,243.0,13.0,4
1996,202.0,2.0,4
823,286.0,38.0,4
1499,163.0,0.0,4
2256,227.0,5.0,4
1655,218.0,6.0,4
1845,0.0,299.0,4
1534,218.0,7.0,4
1748,178.0,4.0,4
2108,0.0,549.0,4
823,286.0,38.0,4
1164,276.0,0.0,4
13,223.0,8.0,4
319,216.0,9.0,4
1577,19.0,418.0,4
2103,0.0,200.0,4
1499,163.0,0.0,4
1655,218.0,6.0,4
2256,227.0,5.0,4
452,288.0,24.0,4
825,208.0,26.0,4
2285,200.0,0.0,4
2094,0.0,173.0,4
2349,180.0,0.0,4
78,152.0,0.0,4
823,286.0,38.0,4
452,288.0,24.0,4
1704,261.0,1.0,4
1655,218.0,6.0,4
290,206.0,5.0,4
149,804.0,0.0,4
648,161.0,0.0,4
569,268.0,9.0,4
1189,159.0,0.0,4
518,178.0,0.0,4
1850,214.0,25.0,4
825,208.0,26.0,4
2014,495.0,2.0,4
1205,181.0,8.0,4
1676,227.0,6.0,4
566,438.0,0.0,4
2256,227.0,5.0,4
1436,116.0,35.0,4
822,289.0,37.0,4
566,438.0,0.0,4
451,288.0,11.0,4
2233,5.0,347.0,4
822,289.0,37.0,4
1898,344.0,0.0,4
373,182.0,41.0,4
1882,179.0,2.0,4
569,268.0,9.0,4
2256,227.0,5.0,4
1039,153.0,0.0,4
319,216.0,9.0,4
1206,224.0,7.0,4
2185,67.0,141.0,4
1340,1.0,157.0,4
1207,197.0,6.0,4
275,244.0,0.0,4
1577,19.0,418.0,4
823,286.0,38.0,4
1850,214.0,25.0,4
1704,261.0,1.0,4
1655,218.0,6.0,4
1704,261.0,1.0,4
1938,156.0,0.0,4
974,154.0,0.0,4
1607,6.0,148.0,4
611,244.0,30.0,4
589,145.0,32.0,4
1938,156.0,0.0,4
1938,156.0,0.0,4
160,217.0,0.0,4
2046,4.0,248.0,4
1791,411.0,2.0,4
1791,411.0,2.0,4
821,284.0,18.0,4
1642,1.0,333.0,4
344,145.0,170.0,4
149,804.0,0.0,4
930,213.0,0.0,4
1206,224.0,7.0,4
1164,276.0,0.0,4
821,284.0,18.0,4
275,244.0,0.0,4
1865,197.0,3.0,4
2233,5.0,347.0,4
2046,4.0,248.0,4
160,217.0,0.0,4
2103,0.0,200.0,4
275,244.0,0.0,4
1571,43.0,148.0,4
1791,411.0,2.0,4
1676,227.0,6.0,4
1865,197.0,3.0,4
2103,0.0,200.0,4
2046,4.0,248.0,4
319,216.0,9.0,4
823,286.0,38.0,4
1571,43.0,148.0,4
1449,49.0,121.0,4
1436,116.0,35.0,4
258,237.0,0.0,4
1938,156.0,0.0,4
823,286.0,38.0,4
1898,344.0,0.0,4
570,151.0,10.0,4
2233,5.0,347.0,4
579,195.0,10.0,4
440,177.0,18.0,4
1499,163.0,0.0,4
13,223.0,8.0,4
452,288.0,24.0,4
1850,214.0,25.0,4
1189,159.0,0.0,4
1170,148.0,25.0,4
378,104.0,101.0,4
2065,560.0,29.0,4
149,804.0,0.0,4
974,154.0,0.0,4
275,244.0,0.0,4
1565,175.0,1.0,4
373,182.0,41.0,4
258,237.0,0.0,4
648,161.0,0.0,4
373,182.0,41.0,4
1436,116.0,35.0,4
78,152.0,0.0,4
451,288.0,11.0,4
1206,224.0,7.0,4
78,152.0,0.0,4
2233,5.0,347.0,4
1856,431.0,8.0,4
1845,0.0,299.0,4
1996,202.0,2.0,4
566,438.0,0.0,4
344,145.0,170.0,4
2046,4.0,248.0,4
518,178.0,0.0,4
821,284.0,18.0,4
1189,159.0,0.0,4
1140,430.0,16.0,4
1541,26.0,139.0,4
1904,192.0,4.0,4
1791,411.0,2.0,4
1746,288.0,23.0,4
1565,175.0,1.0,4
2094,0.0,173.0,4
2046,4.0,248.0,4
344,145.0,170.0,4
1039,153.0,0.0,4
2047,0.0,466.0,4
1140,430.0,16.0,4
13,223.0,8.0,4
1206,224.0,7.0,4
1850,214.0,25.0,4
611,244.0,30.0,4
1746,288.0,23.0,4
1850,214.0,25.0,4
1972,218.0,0.0,4
378,104.0,101.0,4
452,288.0,24.0,4
1746,288.0,23.0,4
886,232.0,46.0,4
1140,430.0,16.0,4
2255,1.0,522.0,4
1170,148.0,25.0,4
258,237.0,0.0,4
2185,67.0,141.0,4
2094,0.0,173.0,4
823,286.0,38.0,4
1791,411.0,2.0,4
160,217.0,0.0,4
1340,1.0,157.0,4
569,268.0,9.0,4
1206,224.0,7.0,4
1972,218.0,0.0,4
1205,181.0,8.0,4
452,288.0,24.0,4
971,182.0,11.0,4
1571,43.0,148.0,4
1189,159.0,0.0,4
648,161.0,0.0,4
1845,0.0,299.0,4
518,178.0,0.0,4
822,289.0,37.0,4
566,438.0,0.0,4
1865,197.0,3.0,4
2094,0.0,173.0,4
1607,6.0,148.0,4
1571,43.0,148.0,4
1205,181.0,8.0,4
1571,43.0,148.0,4
1938,156.0,0.0,4
275,244.0,0.0,4
1882,179.0,2.0,4
290,206.0,5.0,4
1571,43.0,148.0,4
1972,218.0,0.0,4
1340,1.0,157.0,4
1850,214.0,25.0,4
518,178.0,0.0,4
826,460.0,34.0,4
974,154.0,0.0,4
824,243.0,13.0,4
1164,276.0,0.0,4
826,460.0,34.0,4
1189,159.0,0.0,4
1676,227.0,6.0,4
824,243.0,13.0,4
1642,1.0,333.0,4
974,154.0,0.0,4
1898,344.0,0.0,4
2256,227.0,5.0,4
1865,197.0,3.0,4
373,182.0,41.0,4
258,237.0,0.0,4
2014,495.0,2.0,4
1189,159.0,0.0,4
451,288.0,11.0,4
930,213.0,0.0,4
1499,163.0,0.0,4
2349,180.0,0.0,4
1577,19.0,418.0,4
1655,218.0,6.0,4
518,178.0,0.0,4
826,460.0,34.0,4
319,216.0,9.0,4
258,237.0,0.0,4
826,460.0,34.0,4
1499,163.0,0.0,4
1898,344.0,0.0,4
2047,0.0,466.0,4
1449,49.0,121.0,4
78,152.0,0.0,4
824,243.0,13.0,4
1164,276.0,0.0,4
1164,276.0,0.0,4
823,286.0,38.0,4
1367,0.0,170.0,4
824,243.0,13.0,4
1904,192.0,4.0,4
579,195.0,10.0,4
378,104.0,101.0,4
2014,495.0,2.0,4
1189,159.0,0.0,4
275,244.0,0.0,4
1972,218.0,0.0,4
648,161.0,0.0,4
1499,163.0,0.0,4
1450,116.0,42.0,4
440,177.0,18.0,4
451,288.0,11.0,4
1791,411.0,2.0,4
2182,0.0,254.0,4
1746,288.0,23.0,4
1367,0.0,170.0,4
2047,0.0,466.0,4
1898,344.0,0.0,4
258,237.0,0.0,4
1170,148.0,25.0,4
1972,218.0,0.0,4
930,213.0,0.0,4
344,145.0,170.0,4
1571,43.0,148.0,4
826,460.0,34.0,4
2094,0.0,173.0,4
1206,224.0,7.0,4
1207,197.0,6.0,4
2256,227.0,5.0,4
378,104.0,101.0,4
648,161.0,0.0,4
13,223.0,8.0,4
1450,116.0,42.0,4
589,145.0,32.0,4
1164,276.0,0.0,4
1627,284.0,7.0,4
2285,200.0,0.0,4
1676,227.0,6.0,4
13,223.0,8.0,4
1845,0.0,299.0,4
1627,284.0,7.0,4
1642,1.0,333.0,4
1206,224.0,7.0,4
518,178.0,0.0,4
589,145.0,32.0,4
1499,163.0,0.0,4
1996,202.0,2.0,4
1607,6.0,148.0,4
344,145.0,170.0,4
2014,495.0,2.0,4
1577,19.0,418.0,4
1676,227.0,6.0,4
823,286.0,38.0,4
1207,197.0,6.0,4
1140,430.0,16.0,4
1845,0.0,299.0,4
822,289.0,37.0,4
2046,4.0,248.0,4
1189,159.0,0.0,4
78,152.0,0.0,4
290,206.0,5.0,4
2182,0.0,254.0,4
1039,153.0,0.0,4
566,438.0,0.0,4
1367,0.0,170.0,4
1704,261.0,1.0,4
