women,love,news,account,feminist,official,follow,products,tweets,womens,target
0,0,0,0,0,0,0,0,0,0,0.0
0,0,0,0,0,0,0,0,0,0,13.0
0,0,0,0,0,0,0,0,0,0,45.0
0,0,0,0,0,0,0,0,0,0,49.0
0,0,0,0,0,0,0,0,0,0,7.0
0,0,0,0,0,0,0,0,0,0,0.0
0,0,0,0,0,0,0,0,0,0,0.0
0,0,0,0,0,0,0,1,0,0,0.0
0,0,0,0,0,0,0,0,0,0,0.0
0,0,0,0,0,0,0,0,0,0,0.0
0,0,0,0,0,0,0,0,0,0,0.0
0,0,1,0,0,0,0,0,0,0,0.0
0,0,1,0,0,0,0,0,0,0,0.0
0,0,0,0,0,0,0,0,0,0,8.0
0,0,0,0,0,0,0,0,0,0,0.0
0,0,0,0,0,0,0,0,0,0,0.0
0,0,0,0,0,0,0,0,0,0,0.0
0,0,0,0,0,0,0,0,0,0,10.0
0,0,0,0,0,0,0,0,0,0,13.0
0,0,0,0,0,0,0,0,0,0,9.0
0,0,0,0,0,0,0,0,0,0,16.0
0,0,0,0,0,0,0,0,0,0,15.0
0,0,0,0,0,0,0,0,0,0,10.0
0,0,0,0,0,0,0,0,0,0,1.0
0,0,0,0,0,0,0,0,0,0,0.0
0,0,0,0,0,0,0,0,1,0,3.0
0,0,0,0,0,0,0,0,1,0,1.0
0,0,0,0,0,0,0,0,1,0,0.0
0,0,0,0,0,0,0,0,1,0,4.0
0,0,0,0,0,0,0,0,1,0,6.0
0,0,0,0,0,0,0,0,0,0,0.0
1,0,0,0,0,0,0,0,0,0,0.0
1,0,0,0,0,0,0,0,0,0,2.0
1,0,0,0,0,0,0,0,0,0,5.0
0,0,0,0,0,0,0,0,0,0,1.0
0,0,0,0,0,0,0,0,0,0,0.0
0,0,0,0,0,0,0,0,0,0,0.0
0,0,0,0,0,0,0,0,0,0,0.0
0,0,0,0,0,0,0,0,0,0,0.0
0,0,0,0,0,0,0,0,0,0,0.0
0,0,0,0,0,0,0,0,0,0,0.0
0,0,0,0,0,0,0,0,0,0,0.0
0,0,0,0,0,0,0,0,0,0,0.0
0,0,0,0,0,0,0,0,0,0,0.0
1,0,0,0,0,0,0,0,0,0,0.0
0,0,0,0,0,0,0,0,0,0,0.0
0,0,0,0,0,0,0,0,0,0,0.0
0,0,0,0,0,0,0,0,0,0,53.0
0,0,0,0,0,0,0,0,0,0,0.0
0,0,0,0,0,0,0,0,0,0,0.0
0,0,0,0,0,0,0,0,0,0,0.0
0,0,0,1,0,0,0,0,0,0,0.0
0,0,0,0,0,0,0,0,0,0,34.0
0,0,0,0,0,0,0,0,0,0,0.0
0,0,0,0,0,0,0,0,0,0,1.0
0,0,0,0,0,0,0,0,0,0,1.0
0,0,0,0,0,0,0,0,0,0,0.0
0,0,0,0,0,0,0,0,0,0,0.0
0,0,0,0,1,0,0,0,0,0,0.0
0,0,0,0,0,0,0,0,0,0,0.0
0,0,0,0,0,0,0,0,0,0,0.0
0,0,0,0,0,0,0,0,0,0,0.0
0,0,0,0,0,0,0,0,1,1,1.0
0,0,0,0,0,0,0,0,0,0,0.0
0,0,0,0,0,0,0,0,0,0,0.0
0,0,0,0,0,0,0,0,0,0,0.0
0,0,0,0,0,0,0,0,0,0,21.0
0,0,0,0,0,0,0,0,0,0,0.0
0,1,0,0,0,0,0,0,0,0,0.0
1,1,0,0,0,0,0,0,0,0,0.0
0,0,0,0,0,0,0,0,0,0,0.0
1,0,0,0,0,0,0,0,0,0,0.0
0,0,0,0,0,0,0,0,0,0,0.0
0,0,0,0,0,0,0,0,0,0,0.0
0,0,0,0,0,0,0,0,0,0,5.0
0,0,0,0,0,0,0,0,0,0,9.0
0,1,0,0,0,0,0,0,0,0,0.0
0,1,0,0,0,0,0,0,0,0,0.0
0,0,0,0,0,0,0,0,0,0,0.0
0,0,0,0,0,0,0,0,0,0,0.0
0,0,0,0,0,0,0,0,0,0,0.0
0,0,0,0,0,0,0,0,0,0,59.0
0,0,0,0,0,0,0,0,0,0,0.0
0,0,0,0,0,0,0,0,0,0,13.0
0,1,0,0,0,0,0,0,0,0,0.0
0,0,0,0,1,0,0,0,0,0,1.0
0,0,0,0,1,0,0,0,0,0,1.0
1,0,0,0,0,0,0,0,0,0,0.0
1,0,0,0,0,0,0,0,0,0,0.0
1,0,0,0,0,0,0,0,0,0,0.0
1,0,0,0,0,0,0,0,0,0,0.0
0,0,0,0,0,0,0,0,0,0,0.0
0,0,0,0,0,0,0,0,1,0,11.0
0,0,0,0,0,0,0,0,0,0,0.0
0,1,0,0,0,0,0,0,0,0,0.0
0,0,0,0,0,0,0,0,0,0,0.0
0,0,0,0,0,0,0,0,0,0,0.0
0,0,0,0,0,0,0,0,0,0,0.0
0,0,0,0,0,0,0,0,0,0,1.0
0,0,0,0,0,0,0,0,0,0,0.0
0,0,0,0,0,0,0,0,0,0,1.0
0,0,0,0,0,0,0,0,0,0,0.0
0,0,0,0,1,0,0,0,0,0,0.0
0,0,0,0,0,0,0,0,0,0,0.0
0,0,0,0,0,0,0,0,0,0,0.0
0,0,0,0,0,0,0,0,0,0,0.0
0,0,0,0,0,0,0,0,0,0,0.0
0,0,0,0,0,0,0,0,0,0,0.0
0,0,0,0,0,0,0,0,0,0,0.0
0,0,0,0,0,0,0,0,0,0,0.0
0,0,0,0,0,0,0,0,0,0,43.0
0,0,0,0,0,0,0,0,0,0,7.0
0,0,0,0,0,0,0,0,0,0,12.0
0,0,0,0,0,0,0,0,0,0,46.0
0,0,0,0,0,0,0,0,0,0,0.0
0,0,0,0,0,0,0,0,0,0,0.0
1,0,0,0,0,0,0,0,0,0,0.0
1,0,0,0,0,0,0,0,0,0,0.0
1,0,0,0,0,0,0,0,0,0,0.0
1,0,0,0,0,0,0,0,0,0,0.0
1,0,0,0,0,0,0,0,0,0,1.0
1,0,0,0,0,0,0,0,0,0,0.0
0,0,0,0,0,0,0,0,0,0,26.0
0,0,0,0,0,0,0,0,0,0,8.0
0,0,0,0,0,0,0,0,0,0,0.0
0,0,0,0,0,0,0,0,0,0,0.0
0,0,0,0,0,0,0,0,0,0,0.0
0,0,0,0,0,0,0,0,0,0,0.0
0,0,0,0,0,0,0,0,0,0,0.0
0,0,0,0,0,0,0,0,0,0,0.0
0,0,0,0,0,0,0,0,0,0,0.0
0,0,0,0,0,0,0,0,0,0,2.0
0,0,0,0,0,0,0,0,0,0,0.0
0,0,0,0,0,0,0,0,0,0,33.0
0,0,0,0,0,0,0,0,0,0,64.0
0,0,0,0,0,0,0,0,0,0,64.0
0,0,0,0,0,0,0,0,0,0,0.0
0,0,0,0,0,0,0,0,0,0,0.0
0,0,0,0,0,1,0,0,0,1,1.0
0,0,0,0,0,0,0,0,0,0,0.0
0,0,0,0,0,0,0,0,0,0,0.0
0,0,0,0,0,0,0,0,0,0,0.0
0,0,0,0,0,0,0,0,0,0,0.0
0,0,0,0,0,0,0,0,0,0,0.0
0,0,0,0,0,0,0,0,0,0,0.0
0,0,0,0,0,0,0,0,0,0,0.0
0,0,0,0,0,0,0,0,0,0,0.0
0,0,0,0,0,0,0,0,0,0,0.0
0,0,0,0,0,0,0,0,0,0,0.0
0,1,0,0,0,0,0,0,0,0,0.0
0,1,0,0,0,0,0,0,0,0,0.0
0,0,0,0,0,0,0,0,0,0,1.0
0,0,0,0,0,0,0,0,0,0,1.0
0,0,0,0,0,0,0,0,0,0,0.0
0,0,0,0,0,0,0,0,0,0,0.0
0,0,0,0,0,0,0,0,0,0,0.0
0,0,0,0,0,0,0,0,0,0,13.0
0,0,0,0,0,0,0,0,0,0,31.0
0,0,0,0,0,0,0,0,0,0,0.0
0,0,0,0,0,0,0,0,0,0,0.0
0,0,0,0,0,0,0,0,0,0,0.0
0,1,0,0,0,0,0,0,0,0,0.0
0,0,0,0,0,0,0,0,0,0,0.0
0,0,0,0,0,0,0,0,0,0,0.0
0,0,0,0,0,0,0,0,0,0,0.0
0,0,0,0,0,0,0,0,0,0,0.0
0,0,0,0,0,0,0,0,0,0,0.0
0,0,0,0,0,0,0,0,0,0,0.0
0,0,0,0,0,0,0,0,0,0,0.0
0,0,0,0,0,0,0,0,0,0,0.0
0,0,0,0,1,0,0,0,0,0,0.0
0,0,0,0,0,0,0,0,0,0,0.0
0,0,0,0,0,0,0,0,0,0,0.0
0,0,0,0,0,0,0,0,0,0,0.0
0,0,0,0,0,0,0,0,0,0,0.0
0,0,0,0,0,0,0,0,0,0,0.0
0,0,0,0,0,0,0,0,0,0,1.0
0,0,1,0,0,0,0,0,0,0,1.0
0,0,0,0,0,0,0,1,0,0,0.0
0,0,0,0,0,0,0,0,0,0,0.0
0,0,0,0,0,0,0,0,0,0,2.0
0,0,0,0,1,0,0,0,0,0,6.0
0,0,0,0,1,0,0,0,0,0,9.0
0,0,0,0,1,0,0,0,0,0,0.0
0,0,0,0,1,0,0,0,0,0,17.0
0,0,0,0,1,0,0,0,0,0,13.0
0,0,0,0,1,0,0,0,0,0,17.0
0,0,0,0,1,0,0,0,0,0,0.0
0,0,0,0,1,0,0,0,0,0,16.0
0,0,0,0,0,0,0,0,0,0,0.0
0,0,0,0,0,0,0,0,0,0,0.0
0,0,0,0,0,0,0,0,1,0,1.0
0,0,0,0,0,0,0,0,0,0,1.0
0,0,0,0,0,0,0,0,0,0,0.0
0,0,0,0,0,0,0,0,0,0,0.0
0,0,0,0,0,0,0,0,0,0,0.0
0,0,0,0,1,0,0,0,0,0,1.0
0,0,1,0,0,0,0,0,0,0,39.0
0,0,0,0,0,0,0,0,0,0,0.0
0,0,0,0,0,0,0,0,0,0,0.0
0,0,0,0,0,0,0,0,0,0,0.0
0,0,0,0,0,0,0,0,0,0,0.0
0,0,0,0,0,0,0,0,0,0,0.0
1,1,0,0,0,0,0,0,0,0,0.0
0,0,1,0,0,0,0,0,0,0,0.0
0,0,0,0,0,0,0,0,0,0,16.0
0,0,0,0,0,0,0,0,0,0,35.0
0,0,0,0,0,0,0,0,0,0,52.0
0,0,0,0,0,0,0,0,0,0,2.0
0,0,0,0,0,0,0,0,0,0,1.0
0,0,0,0,0,0,0,0,0,0,0.0
0,0,0,0,0,0,0,0,0,0,0.0
0,0,0,1,0,1,0,0,0,1,0.0
0,0,0,1,0,1,0,0,0,1,0.0
0,0,0,1,0,1,0,0,0,1,0.0
0,0,0,0,1,0,0,0,0,0,0.0
0,0,0,0,0,0,0,0,1,0,0.0
0,0,0,0,0,0,0,0,1,0,0.0
0,0,0,0,0,0,0,0,1,0,0.0
0,0,0,0,0,0,0,0,1,0,0.0
0,0,0,0,0,0,0,0,0,0,0.0
0,0,0,0,0,0,0,0,0,0,0.0
0,0,1,0,0,0,1,0,0,0,0.0
1,0,0,0,0,0,0,0,0,0,0.0
0,0,0,0,0,0,0,0,0,0,0.0
0,0,0,0,0,0,0,0,0,1,0.0
0,0,0,0,0,0,0,0,0,0,82.0
0,0,0,0,0,0,0,0,0,0,0.0
0,0,1,1,0,0,0,0,0,0,48.0
0,0,1,1,0,0,0,0,0,0,82.0
0,0,0,0,0,0,0,0,0,0,0.0
0,0,0,0,0,0,0,0,0,0,0.0
0,0,0,1,0,0,0,0,0,0,0.0
0,0,0,0,0,0,0,0,0,0,0.0
0,0,0,0,0,0,0,0,0,0,0.0
0,0,0,0,0,0,0,0,0,0,0.0
0,0,0,0,0,0,0,0,0,0,0.0
0,0,0,0,0,0,0,0,0,1,1.0
0,0,0,0,0,0,0,0,0,0,0.0
0,0,0,0,0,0,0,0,0,0,3.0
0,0,0,0,0,0,0,0,0,0,1.0
0,0,0,0,0,0,0,0,0,0,1.0
0,0,0,1,0,0,1,0,0,0,0.0
0,0,0,0,0,0,0,0,0,0,0.0
0,0,1,0,0,0,0,0,0,0,0.0
0,0,0,0,0,0,0,0,0,0,6.0
0,0,0,0,0,0,0,0,0,0,0.0
0,0,0,0,0,0,0,0,0,0,4.0
0,0,0,0,0,0,0,0,0,0,0.0
0,0,0,0,0,0,1,0,0,0,0.0
0,0,0,0,0,0,0,0,1,0,0.0
0,0,0,0,0,0,0,0,0,0,0.0
1,0,0,0,0,0,0,0,0,0,0.0
0,0,0,0,0,0,0,0,0,0,0.0
0,1,0,0,0,0,0,0,0,0,0.0
0,1,0,0,0,0,0,0,0,0,0.0
0,0,0,0,0,0,0,0,0,0,49.0
0,0,0,0,0,0,0,0,0,0,0.0
0,0,0,0,0,0,0,0,0,0,0.0
0,0,0,0,0,0,0,0,0,0,0.0
0,1,0,0,0,0,0,0,0,0,0.0
0,0,0,0,0,0,0,0,0,0,0.0
0,0,0,0,0,0,0,0,0,0,0.0
0,0,0,0,0,0,0,0,0,0,2.0
0,0,0,0,0,0,0,0,0,0,0.0
0,0,0,0,0,0,0,0,0,0,0.0
0,0,0,0,0,0,0,0,0,0,0.0
1,0,0,0,0,0,0,0,0,0,0.0
0,0,0,0,0,0,0,0,0,0,3.0
0,0,0,0,0,0,0,0,0,0,0.0
0,0,0,0,0,0,1,0,0,0,0.0
0,0,0,0,0,0,0,0,0,0,0.0
1,0,0,0,0,0,0,0,0,0,2.0
0,0,0,0,0,0,0,0,0,0,39.0
0,0,0,0,0,0,0,0,0,0,0.0
0,0,0,0,0,0,0,0,0,0,0.0
0,0,0,0,0,0,0,0,0,0,0.0
1,0,0,0,0,0,0,0,0,0,0.0
0,0,0,0,0,0,0,0,0,0,0.0
0,0,0,0,0,0,0,0,0,0,0.0
0,0,0,0,0,0,0,0,0,0,0.0
0,0,0,0,0,0,0,0,0,1,0.0
0,0,0,0,0,0,0,0,0,1,0.0
0,0,0,0,0,0,0,0,0,0,4.0
0,0,0,0,0,0,0,0,0,0,0.0
0,0,0,0,0,0,0,0,0,0,0.0
0,0,0,0,0,0,0,0,0,0,0.0
0,0,0,0,0,0,0,0,0,0,0.0
0,0,0,0,0,0,0,0,0,0,0.0
0,0,0,0,0,0,0,0,0,0,0.0
0,0,0,0,0,0,0,0,0,0,5.0
0,0,0,0,0,0,0,0,0,0,0.0
1,0,0,0,0,0,0,0,0,0,0.0
0,0,0,0,0,0,0,0,0,0,0.0
0,0,0,0,0,0,0,0,0,0,0.0
0,0,0,0,0,0,0,0,0,0,0.0
0,0,0,0,0,0,0,0,0,0,1.0
0,0,0,0,0,0,0,0,0,0,0.0
0,0,0,0,0,0,0,0,0,0,2.0
0,0,0,0,0,0,0,0,0,0,1.0
0,0,0,0,0,0,0,0,0,0,0.0
0,0,0,0,0,0,0,0,0,0,0.0
0,0,0,0,0,0,0,0,0,0,0.0
0,0,0,0,0,0,0,0,0,0,0.0
0,0,0,0,0,0,0,0,0,0,0.0
0,0,0,0,0,0,0,0,0,0,1.0
0,0,0,0,0,0,0,0,0,0,0.0
0,0,0,0,0,0,0,0,0,0,0.0
0,0,0,0,0,0,0,0,0,0,0.0
0,0,0,0,0,1,0,0,0,0,1.0
0,0,0,0,0,0,0,0,0,0,8.0
0,0,0,0,0,0,0,0,0,0,76.0
0,0,0,0,0,0,0,0,0,0,0.0
0,0,0,0,0,0,0,0,0,0,0.0
0,0,0,0,0,0,0,0,0,0,0.0
0,0,0,0,0,0,0,0,0,0,0.0
0,0,0,0,0,0,0,0,0,0,0.0
0,0,0,0,0,0,0,0,0,0,0.0
0,0,0,0,0,0,0,0,0,0,1.0
0,0,0,0,0,0,0,0,0,0,9.0
0,0,0,0,0,0,0,0,0,0,0.0
0,0,0,0,0,0,0,0,0,0,0.0
0,0,0,0,0,0,0,0,0,0,4.0
0,0,0,0,0,0,0,0,0,0,0.0
0,0,0,0,0,0,0,0,0,0,0.0
0,0,0,0,0,0,0,0,0,0,0.0
0,0,0,0,0,0,0,1,0,0,0.0
0,0,0,0,0,0,0,0,0,0,0.0
0,0,0,0,0,0,0,0,0,0,0.0
0,0,0,0,0,0,0,0,0,0,1.0
0,0,0,0,0,0,0,0,0,1,0.0
0,0,0,0,0,0,0,0,0,0,3.0
0,0,0,1,0,1,0,0,0,0,1.0
0,0,0,1,0,1,0,0,0,0,1.0
0,0,0,1,0,1,0,0,0,0,1.0
0,0,0,1,0,1,0,0,0,0,1.0
0,0,0,1,0,1,0,0,0,0,1.0
0,0,0,0,0,0,0,0,0,0,0.0
0,0,0,0,0,0,0,0,0,0,0.0
0,0,0,0,0,0,0,0,0,0,20.0
0,0,0,1,0,1,0,0,0,0,41.0
0,0,0,1,0,1,0,0,0,0,12.0
0,0,0,1,0,1,0,0,0,0,36.0
0,0,0,1,0,1,0,0,0,0,81.0
0,0,0,0,0,0,0,0,0,0,170.0
0,0,0,0,0,0,0,0,0,0,0.0
0,0,0,1,0,0,0,0,0,0,0.0
0,0,0,0,0,0,0,0,0,0,15.0
0,0,0,0,0,0,0,0,0,0,0.0
0,0,0,0,0,0,0,0,0,0,0.0
0,0,0,0,0,0,0,0,0,0,0.0
0,0,0,0,0,0,0,0,0,0,0.0
0,0,0,0,0,0,0,0,0,0,0.0
0,0,0,0,0,0,0,0,0,0,0.0
0,0,0,0,0,0,0,0,0,0,0.0
0,0,0,0,0,0,0,0,0,0,0.0
0,0,0,0,0,0,0,0,0,0,0.0
0,0,0,0,0,0,0,0,0,0,0.0
0,0,0,0,0,0,0,1,0,0,0.0
0,0,0,0,0,0,0,0,0,0,1.0
0,0,0,0,0,0,0,0,0,0,0.0
1,0,0,0,0,0,0,0,0,0,2.0
0,0,0,0,0,0,0,0,0,0,12.0
0,0,0,0,0,0,0,0,0,1,0.0
0,0,0,0,0,0,0,0,0,1,0.0
1,0,0,0,1,0,0,0,0,0,0.0
1,0,0,0,0,0,0,0,0,0,0.0
0,0,0,0,0,0,1,0,0,0,0.0
0,0,0,0,0,0,1,0,0,0,0.0
0,0,0,0,0,0,1,0,0,0,0.0
0,0,0,0,0,0,0,0,0,0,0.0
0,0,0,0,0,0,0,0,0,0,28.0
0,0,0,0,0,0,0,0,0,0,18.0
0,0,0,0,0,0,0,0,0,0,41.0
0,0,1,0,0,0,0,0,0,0,1.0
0,0,0,0,0,0,0,0,0,0,1.0
0,0,0,0,0,0,0,0,0,0,0.0
0,0,0,0,0,0,0,0,0,0,46.0
0,0,0,0,0,0,0,0,0,0,101.0
1,0,0,0,0,0,0,0,0,0,0.0
0,0,0,1,0,0,0,0,0,0,1.0
0,0,0,0,0,0,0,0,0,0,0.0
0,0,0,0,0,0,0,0,0,0,3.0
0,0,0,0,0,0,0,0,1,0,0.0
0,1,0,0,0,0,0,0,0,0,0.0
0,0,0,0,0,0,0,0,0,0,0.0
0,0,0,0,0,0,0,0,0,0,0.0
0,0,0,0,0,0,0,0,0,0,0.0
0,0,0,0,0,0,0,0,0,0,0.0
0,0,0,0,0,0,0,0,0,0,0.0
0,0,0,0,0,0,0,0,0,0,0.0
0,0,0,0,0,0,0,0,0,0,0.0
0,1,0,0,0,0,0,0,0,0,0.0
0,0,0,0,0,0,0,0,0,0,12.0
0,0,0,0,0,0,0,0,0,0,2.0
0,0,0,0,0,0,0,0,0,0,0.0
0,0,0,0,0,0,0,0,0,0,0.0
0,0,0,0,0,0,0,0,0,0,0.0
0,0,0,0,0,0,0,0,1,0,0.0
0,0,0,0,0,0,0,0,1,0,0.0
0,0,0,0,0,0,0,0,1,0,0.0
0,0,0,0,0,0,0,0,1,0,0.0
0,0,0,0,0,0,0,0,1,0,0.0
0,0,0,0,0,0,0,0,0,0,0.0
0,0,0,0,0,0,0,0,0,0,0.0
0,0,0,0,0,0,0,0,0,0,0.0
0,0,0,0,0,0,0,0,0,0,0.0
0,0,0,0,0,0,0,0,0,0,0.0
0,0,0,0,0,0,0,0,0,0,0.0
0,0,0,0,0,0,0,0,0,0,0.0
0,0,0,0,0,0,0,0,0,0,0.0
0,0,0,0,0,0,0,0,0,0,0.0
0,0,0,0,0,0,0,1,0,0,0.0
0,0,0,0,0,0,0,1,0,0,0.0
0,0,0,0,0,0,0,1,0,0,0.0
0,0,0,0,0,0,0,1,0,0,0.0
0,0,0,0,0,0,0,1,0,0,0.0
0,0,0,0,0,0,0,0,0,0,0.0
0,0,0,0,0,0,0,0,0,0,12.0
0,0,0,0,0,0,0,0,0,0,4.0
0,0,0,0,0,0,0,0,0,0,37.0
0,0,0,0,0,0,0,0,0,0,3.0
0,0,0,0,0,0,0,0,0,0,3.0
0,0,0,0,0,0,0,0,0,0,6.0
0,0,0,0,0,0,0,0,0,0,0.0
1,0,0,0,0,0,0,0,0,0,0.0
0,0,0,0,0,0,0,0,0,0,0.0
0,0,0,0,0,0,0,0,0,0,0.0
0,0,0,0,0,0,0,0,0,0,0.0
0,0,0,0,0,0,0,0,0,0,64.0
0,1,0,0,0,0,0,0,0,0,0.0
0,0,0,0,0,0,1,0,0,0,0.0
0,0,0,0,0,0,1,0,0,0,0.0
0,0,0,0,0,0,0,0,0,0,0.0
0,0,0,0,0,0,0,0,0,0,0.0
0,0,0,0,0,0,0,0,0,0,0.0
0,0,0,0,0,0,0,0,0,0,0.0
0,1,0,0,0,0,1,0,1,0,4.0
0,0,0,0,0,0,0,0,0,0,0.0
0,0,0,0,0,0,0,0,0,0,2.0
0,0,0,0,0,0,0,0,0,0,18.0
0,0,0,0,0,0,0,0,0,0,9.0
0,0,0,0,0,0,0,0,0,0,0.0
0,0,0,0,0,0,0,0,0,0,0.0
0,0,0,0,0,0,0,0,0,0,0.0
0,0,0,0,0,0,0,0,0,0,0.0
1,0,0,0,0,0,0,0,0,0,1.0
0,0,0,0,0,0,0,0,0,0,0.0
0,0,0,0,0,0,0,0,0,0,0.0
0,0,0,0,0,0,0,0,0,0,0.0
0,0,0,0,0,0,0,0,0,0,0.0
0,0,0,0,0,0,0,0,0,0,11.0
0,0,0,0,0,0,0,0,0,0,24.0
0,1,0,0,0,0,0,0,0,0,0.0
0,0,0,0,0,0,0,0,0,0,0.0
0,0,0,0,0,0,0,0,0,0,0.0
0,0,0,0,0,0,0,0,0,0,0.0
0,0,0,0,0,0,0,0,0,0,0.0
0,0,0,0,0,0,0,0,0,0,0.0
0,0,0,0,0,0,0,0,0,0,20.0
0,0,0,0,0,0,0,0,0,0,0.0
0,0,0,0,0,0,0,0,0,0,0.0
0,0,0,0,0,0,0,0,0,0,0.0
0,0,0,0,0,0,0,0,0,0,0.0
0,0,0,0,0,0,0,0,0,0,0.0
0,0,0,0,0,0,0,0,0,0,0.0
0,0,0,0,0,0,0,0,0,0,0.0
0,0,0,0,0,0,0,0,0,0,0.0
0,0,0,0,0,0,0,0,0,0,0.0
0,0,0,0,0,0,0,0,0,0,0.0
0,0,0,0,0,0,0,0,0,0,0.0
0,0,0,1,0,0,0,0,0,0,7.0
0,0,0,0,0,0,0,0,0,0,0.0
0,0,0,0,0,0,0,0,0,0,0.0
0,0,0,0,0,0,0,0,0,0,0.0
0,0,0,0,0,0,0,0,0,0,1.0
0,0,0,0,0,0,0,0,0,0,3.0
0,0,0,0,0,0,0,0,0,0,0.0
0,0,0,0,0,0,0,0,0,0,0.0
0,0,0,0,0,0,0,0,0,0,0.0
0,1,0,0,0,0,1,0,0,0,0.0
0,0,0,0,0,0,0,0,0,0,0.0
0,1,0,0,0,0,0,0,0,0,0.0
0,0,0,0,0,0,0,0,0,0,0.0
1,0,0,0,0,0,0,0,0,0,0.0
1,0,0,0,0,0,0,0,0,0,0.0
1,0,0,0,0,0,0,0,0,0,0.0
1,0,0,0,0,0,0,0,0,0,0.0
0,0,0,0,1,0,0,0,0,0,0.0
0,0,1,0,0,1,1,0,0,0,0.0
0,0,1,0,0,1,1,0,0,0,0.0
0,0,1,0,0,1,1,0,0,0,0.0
0,0,0,0,0,0,0,0,0,0,0.0
0,0,0,0,0,0,0,0,0,0,0.0
0,0,0,0,0,0,0,0,0,0,0.0
0,0,0,0,0,0,1,1,0,0,0.0
0,0,0,0,0,0,1,1,0,0,0.0
0,0,0,0,0,0,0,1,0,0,0.0
0,0,0,0,0,0,0,0,0,0,0.0
0,0,0,0,0,0,0,0,0,0,1.0
0,0,0,0,0,0,0,0,0,0,0.0
0,0,0,0,0,0,0,0,0,0,0.0
0,0,0,0,0,0,0,0,0,0,0.0
0,0,0,0,0,0,0,0,0,0,23.0
0,0,0,0,0,0,0,0,0,0,0.0
0,0,0,0,0,0,0,0,0,0,0.0
0,0,0,0,0,0,0,0,0,0,0.0
0,0,0,0,1,0,0,0,0,0,2.0
0,1,0,0,0,0,0,0,0,0,0.0
0,0,0,0,0,0,0,0,0,0,0.0
0,0,0,0,0,0,0,0,0,0,0.0
0,0,0,0,0,0,0,0,0,0,0.0
0,0,0,0,0,0,0,0,0,0,0.0
0,0,0,0,0,0,0,0,0,0,6.0
0,0,0,0,0,0,0,0,0,0,12.0
0,0,0,0,0,0,0,0,0,0,0.0
1,0,0,1,0,0,0,0,0,0,0.0
0,0,0,0,0,0,0,0,0,0,0.0
0,0,0,0,0,0,0,0,0,0,0.0
0,0,0,0,0,0,0,0,0,0,0.0
0,0,0,0,0,0,0,0,0,0,0.0
0,1,0,0,0,0,0,0,0,0,0.0
0,0,0,0,0,0,0,0,0,0,1.0
0,1,0,0,0,0,0,0,0,0,0.0
0,1,0,0,0,0,0,0,0,0,0.0
0,1,0,0,0,0,0,0,0,0,0.0
0,0,0,0,0,0,0,0,0,0,0.0
0,0,0,0,0,0,0,0,0,0,0.0
0,0,0,0,0,0,0,0,0,0,0.0
0,0,0,0,0,0,0,0,0,0,0.0
0,0,0,0,0,0,0,0,0,0,18.0
0,0,0,0,0,0,0,0,0,0,3.0
0,1,0,0,0,0,0,0,0,0,9.0
0,0,0,0,0,0,0,0,0,0,0.0
0,0,0,0,0,0,0,0,0,0,0.0
0,0,0,0,0,0,0,0,0,0,0.0
0,0,0,0,0,0,0,0,0,0,0.0
0,0,0,0,0,0,0,0,0,0,0.0
0,0,0,0,0,0,0,0,0,0,0.0
0,0,0,0,0,0,0,0,0,0,0.0
0,0,0,0,0,0,0,0,0,0,5.0
0,0,0,0,0,0,0,0,0,0,0.0
0,0,0,0,0,0,0,0,0,0,0.0
0,0,0,0,0,0,0,0,0,0,0.0
0,0,0,0,0,0,0,0,0,0,0.0
0,0,0,0,0,0,0,0,0,0,0.0
0,0,0,0,0,0,0,0,0,0,0.0
0,0,0,0,0,0,0,0,0,0,0.0
0,0,0,0,0,0,0,0,0,0,6.0
0,0,0,0,0,0,0,0,0,0,0.0
0,0,0,0,0,0,0,0,0,0,0.0
0,0,0,0,0,0,0,0,0,0,1.0
0,0,0,0,0,0,0,0,0,0,0.0
1,0,0,0,0,0,0,0,0,0,0.0
1,0,0,0,0,0,0,0,0,0,0.0
0,0,0,0,0,0,0,0,0,0,0.0
1,0,0,0,0,0,0,0,0,0,0.0
1,0,0,0,0,0,0,0,0,0,0.0
1,0,0,0,0,0,0,0,0,0,0.0
1,0,0,0,0,0,0,0,0,0,0.0
0,0,0,0,0,0,0,0,0,0,23.0
0,0,0,0,0,0,0,0,0,0,82.0
1,0,0,0,0,0,0,0,0,0,0.0
1,0,0,0,0,0,0,0,0,0,0.0
1,0,0,0,0,0,0,0,0,0,0.0
0,0,0,0,0,0,0,0,0,0,0.0
0,0,0,0,0,0,0,0,0,0,0.0
0,0,0,0,0,0,0,0,0,0,0.0
1,0,0,0,0,0,0,0,0,0,0.0
0,0,0,1,0,0,1,0,0,0,9.0
0,0,0,0,0,0,0,0,0,0,10.0
0,0,0,0,0,0,0,0,0,0,0.0
0,0,0,0,0,0,0,0,0,0,1.0
0,0,0,0,0,0,0,0,0,0,0.0
0,0,0,0,0,0,0,0,0,0,4.0
0,0,0,0,0,0,0,0,0,0,2.0
0,0,0,0,0,0,0,0,0,0,1.0
0,0,0,0,0,0,0,0,0,0,4.0
0,0,0,0,0,0,0,0,0,0,0.0
0,0,0,0,0,0,0,0,0,1,10.0
0,0,0,0,0,0,0,0,0,0,0.0
0,0,0,0,0,0,0,0,0,0,0.0
0,0,0,0,0,0,0,0,0,0,0.0
0,0,0,0,0,0,0,0,0,0,0.0
0,0,0,0,0,0,0,0,0,0,0.0
0,0,0,0,0,0,0,0,0,0,0.0
0,0,0,0,0,0,0,0,0,0,0.0
0,0,1,0,0,0,0,0,0,0,0.0
0,0,0,0,0,0,0,0,0,0,0.0
0,0,0,1,0,1,0,0,0,0,32.0
0,0,0,0,0,0,0,0,0,0,0.0
0,0,0,0,0,0,0,0,0,0,0.0
0,0,0,0,0,0,0,0,0,0,0.0
0,0,0,0,0,0,0,0,0,0,0.0
0,0,0,0,0,0,0,0,0,0,0.0
0,0,0,0,0,0,0,0,0,0,0.0
0,0,0,0,0,0,0,0,0,0,0.0
0,0,0,0,0,0,0,0,0,0,0.0
0,0,0,0,0,0,0,0,0,0,0.0
0,0,0,0,0,0,0,0,0,0,0.0
0,0,0,0,0,0,0,0,0,0,0.0
0,0,0,0,0,0,0,0,0,0,0.0
0,0,0,0,0,0,0,0,0,0,0.0
0,0,0,0,0,0,0,0,0,0,0.0
0,0,0,0,0,0,0,0,0,0,0.0
1,1,0,0,0,0,1,0,0,0,0.0
0,0,0,0,0,0,0,0,0,0,0.0
0,0,0,0,0,0,0,0,0,0,0.0
0,0,0,1,0,0,0,1,1,0,0.0
1,0,0,0,1,0,0,0,0,0,0.0
0,0,0,1,0,0,0,0,0,0,7.0
0,0,0,1,0,0,0,0,0,0,30.0
0,0,0,0,0,0,0,0,0,0,0.0
0,0,0,0,0,0,0,0,0,0,2.0
0,0,0,0,0,0,0,0,0,0,0.0
0,1,0,0,0,0,0,0,0,0,0.0
0,0,0,0,0,0,0,0,0,0,0.0
0,0,0,0,0,0,1,0,0,0,0.0
0,0,0,0,0,0,0,0,0,0,0.0
0,0,0,0,0,0,0,0,0,0,0.0
0,0,0,0,0,0,0,0,0,0,0.0
0,0,0,0,0,0,0,0,0,0,0.0
0,0,0,0,1,0,0,0,1,0,0.0
0,0,0,0,0,0,0,0,0,0,0.0
0,0,0,0,0,0,0,0,0,0,0.0
0,0,0,0,0,0,0,0,0,0,1.0
0,0,0,0,0,0,0,0,0,0,0.0
0,0,0,0,0,0,0,0,0,0,0.0
0,0,0,0,0,0,0,0,0,0,0.0
0,0,0,0,0,0,0,0,0,0,0.0
0,0,0,0,0,0,0,0,0,0,0.0
0,0,0,0,0,0,0,0,0,0,16.0
0,0,0,0,0,0,0,0,0,0,3.0
0,0,0,0,0,0,0,0,0,0,0.0
0,0,0,0,0,0,0,0,0,0,0.0
0,0,0,0,0,0,0,0,0,0,0.0
0,0,0,0,0,0,0,0,0,0,0.0
0,0,0,0,0,0,0,0,0,0,0.0
0,0,0,0,0,0,0,0,0,0,0.0
0,0,0,0,0,0,0,0,0,1,0.0
0,0,0,0,0,0,0,0,0,1,0.0
0,0,0,1,0,0,0,0,1,0,0.0
0,0,0,0,0,0,0,0,0,0,0.0
0,1,0,0,0,0,0,0,0,0,0.0
0,0,0,0,0,0,0,0,0,0,1.0
0,0,0,0,0,0,0,0,1,0,0.0
0,0,0,0,0,0,0,0,0,0,0.0
0,0,0,0,0,0,0,0,0,0,0.0
0,0,0,0,0,0,0,0,0,0,0.0
0,0,0,0,0,0,0,0,0,0,0.0
0,0,0,0,0,0,0,0,0,0,1.0
0,0,0,0,0,0,0,0,0,0,0.0
1,0,0,0,0,0,0,0,0,0,0.0
1,0,0,0,0,0,0,0,0,1,0.0
1,0,0,0,0,0,0,0,0,1,0.0
1,0,0,0,0,0,0,0,0,1,0.0
0,0,0,0,0,0,0,0,0,0,1.0
0,0,0,0,0,0,0,0,0,0,0.0
0,0,0,0,0,0,0,0,0,0,3.0
0,0,0,0,0,0,0,0,0,0,0.0
0,0,0,0,0,0,0,0,0,0,0.0
0,0,0,0,0,1,0,0,0,0,0.0
0,0,0,0,0,0,0,0,0,0,1.0
0,0,0,0,0,0,0,0,0,0,0.0
0,1,0,0,0,0,0,0,0,0,0.0
0,0,0,0,0,0,0,0,0,0,0.0
0,0,1,0,0,0,0,0,0,0,0.0
0,0,0,0,0,0,0,0,0,0,1.0
0,0,0,0,0,0,0,0,0,0,0.0
0,0,0,0,0,0,0,0,0,0,0.0
1,0,0,0,0,0,0,0,0,0,0.0
0,0,0,0,0,0,0,0,0,0,0.0
0,0,0,0,0,0,0,0,0,0,3.0
0,0,0,0,0,0,0,0,0,0,0.0
0,0,0,0,0,0,0,0,0,0,0.0
0,0,0,0,0,0,0,0,0,0,0.0
0,0,0,0,0,0,0,0,0,0,0.0
0,0,0,0,0,0,0,0,0,0,2.0
0,0,0,0,1,0,0,0,0,0,1.0
0,0,0,0,0,0,0,1,0,0,0.0
0,0,0,0,0,0,0,1,0,0,0.0
0,0,0,0,0,0,0,1,0,0,0.0
0,0,0,0,0,0,0,0,0,0,2.0
0,0,0,0,0,0,0,0,0,0,0.0
0,0,0,0,0,0,0,0,0,0,0.0
0,0,0,0,0,0,0,0,0,0,0.0
0,0,0,0,0,0,0,0,0,0,0.0
0,0,0,0,0,0,0,0,0,0,0.0
0,0,0,0,0,0,0,0,0,0,0.0
0,0,0,0,0,0,0,0,0,0,0.0
0,0,0,0,0,0,0,0,0,0,0.0
0,0,0,0,0,0,0,0,0,0,0.0
0,0,0,0,0,0,0,0,0,0,0.0
0,0,0,0,0,0,0,0,0,0,0.0
0,0,0,0,0,0,0,0,0,0,0.0
0,0,0,0,0,0,0,0,0,0,0.0
0,0,0,0,0,0,0,0,0,0,0.0
0,0,0,0,0,0,0,0,0,0,1.0
0,0,1,0,0,0,0,0,0,0,0.0
0,0,0,0,0,0,0,0,0,0,0.0
0,0,0,0,0,0,0,0,0,0,0.0
0,0,0,0,0,0,0,0,0,0,0.0
0,0,0,0,0,0,0,0,0,0,0.0
0,0,0,0,0,0,0,0,0,0,0.0
0,0,0,0,0,0,0,0,0,0,0.0
0,0,0,0,0,0,0,0,0,0,0.0
0,0,0,0,0,0,0,0,0,0,0.0
0,0,0,0,0,0,0,1,0,0,0.0
0,0,0,0,0,1,0,0,0,0,0.0
0,0,0,0,0,0,0,0,0,0,0.0
0,0,0,0,0,0,0,0,0,0,1.0
0,0,0,0,0,0,0,0,0,0,0.0
0,0,0,0,0,0,0,0,0,0,0.0
0,0,0,0,0,0,0,0,0,0,0.0
0,0,0,0,0,0,0,1,0,0,0.0
0,0,0,0,0,0,0,1,0,0,0.0
1,1,0,0,0,0,0,0,0,0,0.0
0,1,0,1,0,0,0,0,0,0,0.0
0,1,0,0,0,0,0,0,0,0,0.0
0,0,0,0,0,0,0,0,0,0,0.0
0,0,0,0,0,0,0,0,0,0,0.0
1,0,0,0,0,0,0,0,0,0,0.0
0,0,0,0,0,0,0,0,0,0,2.0
0,0,0,0,0,0,0,0,0,0,0.0
0,0,1,0,0,0,0,0,0,0,0.0
0,0,1,0,0,0,0,0,0,0,0.0
0,0,0,0,0,0,0,0,0,0,0.0
0,0,0,0,0,0,0,0,0,0,0.0
0,0,0,0,0,0,0,0,0,0,0.0
0,0,0,0,0,0,0,0,0,0,4.0
0,0,0,0,0,0,0,0,0,0,2.0
0,0,0,0,0,0,0,0,0,0,0.0
0,0,0,0,0,0,0,0,0,1,0.0
0,0,0,0,0,0,0,0,0,0,0.0
0,0,0,0,0,0,0,0,0,0,3.0
0,0,0,0,0,0,0,0,0,0,0.0
0,0,0,0,0,0,0,0,0,0,0.0
0,0,1,1,0,0,0,0,0,0,56.0
0,0,0,0,0,0,0,0,0,0,0.0
0,0,0,0,0,0,0,0,0,0,0.0
0,0,0,0,0,0,0,0,0,0,0.0
0,0,0,0,0,0,0,0,0,0,0.0
0,0,0,0,0,0,0,0,0,0,0.0
0,0,0,0,0,0,0,0,0,0,0.0
0,0,0,0,0,0,0,0,0,0,1.0
0,0,0,0,0,0,0,0,0,0,0.0
0,0,0,0,0,0,0,0,0,0,0.0
1,0,0,0,0,0,0,0,0,0,0.0
0,0,0,0,0,0,0,0,0,0,1.0
0,0,0,0,0,0,0,0,0,0,0.0
0,0,0,0,0,0,0,0,0,0,0.0
0,0,0,0,0,0,0,0,0,0,0.0
0,0,0,0,0,0,0,0,0,0,0.0
0,0,0,0,0,0,0,0,0,0,0.0
0,0,0,0,0,0,0,0,0,0,0.0
0,0,0,0,0,0,0,0,0,0,0.0
0,0,0,0,0,0,0,0,0,0,0.0
0,0,0,0,0,0,0,1,0,0,0.0
0,0,0,0,0,0,0,1,0,0,0.0
0,0,0,0,0,0,0,0,0,0,7.0
0,0,0,0,0,0,0,0,0,0,4.0
0,0,0,0,0,0,1,0,0,0,0.0
0,0,0,0,0,0,0,0,0,0,0.0
0,0,0,0,0,0,0,0,0,0,0.0
0,0,0,0,0,0,0,0,0,0,0.0
0,0,1,0,0,0,1,0,0,0,0.0
0,0,0,1,0,0,0,0,0,0,3.0
0,0,0,0,0,0,0,0,0,0,1.0
0,0,0,0,0,0,0,0,0,0,0.0
0,0,0,0,0,0,0,0,0,0,0.0
0,0,0,0,0,0,0,0,0,0,0.0
0,0,0,0,0,0,0,0,0,0,0.0
0,0,0,0,0,0,0,0,0,0,0.0
0,0,0,0,0,0,0,0,0,0,0.0
0,0,0,0,0,0,0,0,0,0,0.0
0,0,0,0,0,0,0,0,0,0,0.0
0,0,0,0,0,0,0,0,1,0,0.0
0,0,0,0,0,0,0,0,0,0,0.0
0,0,0,0,0,0,0,0,0,0,0.0
0,0,0,0,0,0,0,0,0,0,0.0
0,0,0,0,0,0,0,0,0,0,2.0
1,0,0,0,0,0,0,0,0,0,0.0
0,0,0,0,0,0,0,0,0,0,0.0
0,0,0,0,0,0,0,0,0,0,0.0
1,0,0,0,0,0,0,0,1,0,2.0
0,0,0,0,0,0,0,0,0,0,0.0
0,0,0,0,0,0,0,0,0,0,1.0
0,0,0,0,0,0,0,0,0,0,0.0
0,0,0,1,0,0,0,0,0,0,1.0
0,0,0,0,0,0,0,0,0,0,0.0
0,0,0,0,0,0,0,0,0,0,0.0
0,0,0,1,0,0,0,0,0,0,0.0
0,0,0,0,0,0,0,0,0,0,1.0
0,0,0,0,0,0,0,0,0,0,0.0
0,0,0,0,0,0,0,0,0,0,0.0
0,0,0,0,0,0,0,0,0,0,0.0
0,0,0,0,0,0,0,0,0,0,2.0
0,0,0,0,0,0,0,0,0,0,0.0
0,0,0,0,0,0,0,0,0,0,0.0
0,0,0,1,0,1,0,0,0,0,0.0
0,0,0,0,0,0,0,0,0,0,0.0
0,0,0,0,0,0,0,0,0,0,0.0
0,0,0,0,0,0,0,0,0,0,0.0
0,0,0,0,0,0,0,0,0,0,0.0
0,0,0,0,0,0,0,0,0,0,0.0
0,0,0,0,1,0,0,0,0,0,0.0
0,0,0,0,0,0,0,0,0,0,0.0
0,0,0,0,0,0,0,0,0,0,0.0
0,0,0,0,0,0,0,0,0,0,0.0
0,0,0,0,0,0,0,0,0,0,0.0
0,0,0,0,0,0,0,0,0,0,0.0
0,0,0,0,0,0,0,0,0,0,0.0
0,0,0,0,0,0,0,0,0,0,0.0
0,0,0,0,0,0,0,0,0,0,14.0
0,0,0,0,0,0,0,0,0,0,0.0
0,0,0,0,0,0,0,0,0,0,0.0
0,0,0,0,0,0,0,0,0,0,0.0
0,0,0,0,0,0,0,0,0,0,0.0
0,0,0,0,0,0,0,0,0,0,0.0
0,0,0,0,0,0,0,0,0,0,0.0
0,0,0,0,0,0,0,0,0,0,0.0
0,0,0,0,0,0,0,0,0,0,18.0
0,0,0,0,0,0,0,0,0,0,37.0
0,0,0,0,0,0,0,0,0,0,38.0
0,0,0,0,0,0,0,0,0,0,13.0
0,0,0,0,0,0,0,0,0,0,26.0
0,0,0,0,0,0,0,0,0,0,34.0
0,0,0,0,0,0,0,0,0,0,0.0
0,0,0,0,0,0,0,0,0,0,0.0
0,0,0,0,0,0,0,0,0,0,0.0
0,0,0,0,0,0,0,0,0,0,0.0
0,0,0,0,0,0,0,0,0,0,0.0
0,0,0,0,0,0,0,0,0,0,2.0
0,0,0,0,0,0,1,0,0,0,0.0
0,0,0,0,0,0,0,0,0,0,0.0
0,0,0,0,0,0,0,0,0,0,0.0
0,0,0,0,0,0,0,0,0,0,0.0
0,0,0,0,0,0,0,0,0,0,0.0
0,0,0,0,0,0,0,0,0,0,0.0
0,0,0,0,0,0,0,0,0,0,0.0
0,0,0,0,0,0,0,0,0,0,0.0
0,0,0,0,0,0,0,0,0,0,0.0
0,0,0,0,0,0,0,0,0,0,0.0
0,0,0,0,0,0,0,0,0,0,0.0
0,0,0,0,0,0,0,0,0,0,0.0
0,0,0,0,0,0,0,0,0,0,0.0
0,0,0,0,0,0,0,0,0,0,0.0
0,0,0,0,0,0,0,0,0,0,0.0
1,1,0,0,0,0,0,0,0,0,0.0
1,1,0,0,0,0,0,0,0,0,0.0
0,0,0,0,0,0,0,0,0,0,0.0
0,0,0,0,0,0,0,0,0,0,0.0
0,0,0,0,0,0,0,0,0,0,5.0
0,0,0,0,0,0,0,0,0,0,0.0
0,0,0,0,0,0,0,0,0,0,0.0
0,0,0,0,0,0,0,0,0,0,0.0
0,0,0,0,0,0,1,0,0,0,0.0
0,0,0,0,0,0,0,0,0,0,0.0
1,0,0,0,0,0,0,0,0,0,0.0
0,0,0,0,0,0,0,0,0,0,0.0
0,0,0,0,0,0,0,0,0,0,0.0
0,0,0,0,0,0,0,0,0,0,0.0
0,0,0,0,0,0,0,0,0,0,0.0
0,0,0,0,0,0,0,0,0,0,0.0
0,0,0,0,0,0,0,0,0,0,0.0
0,0,0,0,0,0,0,0,0,0,0.0
0,0,0,0,0,0,0,0,0,0,0.0
0,0,0,0,0,0,0,0,0,1,0.0
0,0,0,0,0,0,0,0,0,1,0.0
0,0,0,0,0,0,0,0,0,1,0.0
0,0,0,0,0,0,0,0,0,1,0.0
0,0,0,0,0,0,0,0,0,1,0.0
0,0,0,0,0,0,0,0,0,1,0.0
0,1,0,0,0,0,0,0,0,0,0.0
0,0,0,0,0,0,0,0,0,0,3.0
0,0,0,0,0,0,0,0,0,0,0.0
0,0,0,0,0,0,0,0,0,0,0.0
0,0,0,0,0,0,0,0,0,0,0.0
0,0,0,0,0,0,0,0,0,0,0.0
0,0,0,0,0,0,0,0,0,0,0.0
0,0,0,0,0,0,0,0,0,0,0.0
0,0,0,0,0,0,0,0,0,0,0.0
0,0,0,0,0,0,0,0,0,0,0.0
0,0,0,0,0,0,0,0,0,0,0.0
0,0,0,0,0,0,0,0,0,0,0.0
0,0,0,0,0,0,0,0,0,0,1.0
0,0,0,0,0,0,0,0,0,0,46.0
0,0,0,0,0,0,0,0,0,0,0.0
0,1,0,0,0,0,0,0,0,0,0.0
0,0,0,0,0,0,0,0,0,0,0.0
0,0,0,0,0,0,0,0,0,0,0.0
0,0,0,0,0,0,0,0,0,0,0.0
0,0,0,0,0,0,0,0,0,0,0.0
0,0,0,0,0,0,0,0,0,0,0.0
0,0,0,0,0,0,0,0,0,0,0.0
0,0,0,0,0,0,0,0,0,0,0.0
0,0,0,0,0,0,0,0,0,0,0.0
0,0,0,0,0,0,0,0,0,0,6.0
0,0,0,0,0,0,0,0,0,0,0.0
0,0,0,0,0,0,0,0,0,0,0.0
0,0,0,0,0,0,0,0,0,0,0.0
0,0,0,0,0,0,0,0,0,0,0.0
0,0,0,0,0,0,0,0,0,0,0.0
0,0,0,0,0,0,0,0,0,0,0.0
0,0,0,0,0,0,0,0,0,0,0.0
0,0,0,0,0,0,0,0,0,0,0.0
0,0,0,0,0,0,0,0,0,0,0.0
0,0,0,0,0,0,0,0,0,0,0.0
0,0,0,0,0,0,0,0,0,0,0.0
0,1,0,0,0,0,0,0,0,0,0.0
0,1,0,0,0,0,0,0,0,0,0.0
1,0,0,0,0,0,0,0,0,0,0.0
1,0,0,0,0,0,0,0,0,0,0.0
1,0,0,0,0,0,0,0,0,0,0.0
0,0,0,0,0,0,0,0,0,0,0.0
0,0,0,0,0,0,0,0,0,0,0.0
0,0,0,0,0,0,0,0,0,0,0.0
0,0,0,0,0,0,0,0,0,0,0.0
0,0,0,0,0,0,0,0,0,0,0.0
0,0,0,0,0,0,0,1,0,0,0.0
0,0,0,0,0,0,0,1,0,0,0.0
0,0,0,0,0,0,0,1,0,0,0.0
0,0,0,0,0,0,0,1,0,0,0.0
0,0,0,0,0,0,0,1,0,0,0.0
0,0,0,0,0,0,0,1,0,0,0.0
0,0,0,0,0,0,0,1,0,0,0.0
0,0,0,0,0,0,0,1,0,0,0.0
0,0,0,0,0,0,0,1,0,0,0.0
0,0,0,0,0,0,0,0,0,0,0.0
0,0,0,0,0,0,0,0,0,0,0.0
0,0,0,0,0,0,0,0,0,0,0.0
0,0,0,0,0,0,0,0,0,0,0.0
0,0,0,0,0,0,0,0,0,0,0.0
0,0,0,0,0,0,0,0,0,0,0.0
0,0,0,0,0,0,0,0,0,0,0.0
0,0,0,0,0,0,0,0,0,0,5.0
0,0,0,0,0,0,0,0,0,0,0.0
0,0,0,0,0,0,0,0,0,0,0.0
0,0,0,0,0,0,0,0,0,0,0.0
0,0,0,0,0,0,0,0,0,0,0.0
0,0,0,0,0,0,0,0,0,0,0.0
0,0,0,0,0,0,0,0,0,0,0.0
0,0,0,0,0,0,0,0,0,0,0.0
0,0,0,0,0,0,0,0,0,0,0.0
0,0,0,0,0,0,0,0,0,0,0.0
0,0,0,0,0,0,0,0,0,0,0.0
0,0,0,0,0,0,0,0,0,0,0.0
0,0,0,0,0,0,0,0,0,0,0.0
0,0,0,0,0,0,0,0,0,0,0.0
0,0,0,0,0,0,0,0,0,0,0.0
0,0,0,0,0,0,0,0,0,0,0.0
0,0,0,0,0,0,0,0,0,0,0.0
0,0,0,0,0,0,0,0,0,0,0.0
0,0,0,0,0,0,0,0,0,0,0.0
0,0,0,0,0,0,0,0,0,0,0.0
0,0,0,0,0,0,0,0,0,0,0.0
0,0,0,0,0,0,0,0,0,0,0.0
0,0,0,0,0,0,0,0,0,0,0.0
0,0,0,0,0,0,0,0,0,0,0.0
0,0,0,0,0,0,0,0,0,0,0.0
0,0,0,0,0,0,0,0,0,0,0.0
0,0,0,0,0,0,0,0,0,0,0.0
0,0,0,0,0,0,0,0,0,0,0.0
1,0,0,0,0,0,0,0,0,0,0.0
0,0,0,0,0,0,0,0,0,0,0.0
0,0,0,0,0,0,0,0,0,0,0.0
0,0,0,0,0,0,0,0,0,0,0.0
0,0,0,0,0,0,0,0,0,0,0.0
0,0,0,0,0,0,0,0,0,0,0.0
0,0,0,0,0,0,0,0,0,0,0.0
0,0,0,1,0,0,0,0,0,0,0.0
0,0,0,0,0,0,0,0,0,0,11.0
0,0,0,0,0,0,0,0,0,0,0.0
0,0,0,0,0,0,0,0,0,0,0.0
0,0,0,0,0,0,0,0,0,0,0.0
0,0,0,0,0,0,0,0,0,0,1.0
0,0,0,0,0,0,0,0,0,0,0.0
0,0,0,0,0,0,0,0,0,0,0.0
0,0,0,0,0,0,0,0,0,0,0.0
0,0,0,1,0,1,0,0,0,0,0.0
0,0,0,0,0,0,0,0,0,0,0.0
0,0,0,0,0,0,0,0,0,0,0.0
0,0,0,0,0,0,0,0,0,0,0.0
0,0,0,0,0,0,0,0,0,0,4.0
0,0,0,0,0,0,0,0,0,0,0.0
0,0,0,0,0,0,0,0,0,0,7.0
0,0,0,0,0,0,0,0,0,0,0.0
0,0,0,0,0,0,0,1,0,0,0.0
0,0,0,0,0,0,0,0,0,0,0.0
0,0,0,0,0,0,0,0,0,0,0.0
0,0,0,0,0,0,0,0,0,0,0.0
0,0,0,0,0,0,0,0,0,0,0.0
0,0,0,0,0,0,0,0,0,0,0.0
0,0,0,0,0,0,0,0,0,0,6.0
0,0,0,0,0,0,0,0,0,0,0.0
1,0,0,0,0,0,0,0,0,0,0.0
0,0,0,0,0,0,0,0,0,0,0.0
0,0,0,0,0,0,0,0,0,0,0.0
0,0,0,0,0,0,0,0,0,0,0.0
0,0,0,0,0,0,0,0,0,0,0.0
0,0,0,0,0,0,0,0,0,0,0.0
0,0,0,0,0,0,0,0,0,0,1.0
0,0,0,0,0,0,0,0,0,0,0.0
0,0,0,0,0,0,0,0,0,0,0.0
0,0,0,0,0,0,0,0,0,0,0.0
0,0,0,0,0,0,0,0,0,0,0.0
0,0,0,0,0,0,0,0,0,0,1.0
0,0,0,0,0,0,0,0,0,0,1.0
0,0,0,0,0,0,0,0,0,0,0.0
0,0,0,0,0,0,0,0,0,0,0.0
0,0,0,0,0,0,0,0,0,0,0.0
0,0,0,0,0,0,0,0,0,0,11.0
0,0,0,0,0,0,0,0,0,0,0.0
0,0,0,0,0,0,0,0,0,0,0.0
0,0,0,0,0,0,0,1,0,0,0.0
1,0,0,0,0,0,0,0,0,0,0.0
0,0,0,0,0,0,0,0,0,0,14.0
0,0,0,0,0,0,0,0,0,0,0.0
0,0,0,0,0,0,0,0,0,0,0.0
0,0,0,0,0,0,0,0,0,0,3.0
0,0,0,0,0,0,0,0,0,0,0.0
0,0,0,0,0,0,0,0,0,0,0.0
0,0,0,0,0,0,0,0,0,0,0.0
0,0,0,0,0,0,0,0,0,0,0.0
0,0,0,0,0,0,0,0,0,0,0.0
0,0,0,0,0,0,0,0,0,0,0.0
0,0,0,0,0,0,0,0,0,0,12.0
0,0,0,0,0,0,0,0,0,0,14.0
0,0,0,0,0,0,0,0,0,0,0.0
0,0,0,0,0,0,0,0,0,0,0.0
0,0,0,0,0,0,0,0,0,0,0.0
0,0,0,0,0,0,0,0,0,0,0.0
0,0,0,0,0,0,0,0,0,0,0.0
0,0,0,0,0,0,0,0,0,0,0.0
0,0,0,0,0,0,0,0,0,0,0.0
0,0,0,0,0,0,0,0,0,0,0.0
0,0,0,0,0,0,0,0,0,0,0.0
0,0,1,0,0,0,0,0,0,0,0.0
0,0,0,0,0,0,0,0,0,0,1.0
0,0,0,0,0,0,0,0,0,0,0.0
0,0,0,0,0,0,0,0,0,0,0.0
0,0,0,0,0,1,0,0,0,0,0.0
0,0,0,0,0,1,0,0,0,0,0.0
0,0,0,0,0,0,0,0,0,0,0.0
0,0,0,0,0,0,0,0,0,0,0.0
0,0,0,0,0,0,0,0,0,0,0.0
0,0,0,0,0,0,0,0,0,0,0.0
0,0,0,0,0,0,0,0,0,0,0.0
0,0,0,1,0,1,0,0,0,1,1.0
0,0,0,0,0,0,0,0,0,0,0.0
0,0,0,0,0,0,0,0,0,0,0.0
0,0,0,0,0,0,0,0,0,0,0.0
0,0,0,0,0,0,0,0,0,0,0.0
0,0,0,0,0,0,0,0,0,0,0.0
0,0,0,0,0,0,0,0,0,0,0.0
0,0,0,0,0,0,0,0,0,0,0.0
0,0,0,0,0,0,0,0,0,0,0.0
0,0,0,0,0,0,0,0,0,0,0.0
0,0,0,0,0,0,0,0,0,0,0.0
0,0,0,0,0,0,0,0,0,0,0.0
0,0,0,0,0,0,0,0,0,0,0.0
0,0,0,0,0,0,0,0,0,0,0.0
0,0,0,0,0,0,0,0,0,0,0.0
0,0,0,0,0,0,0,0,0,0,0.0
0,0,0,0,0,0,0,0,0,0,0.0
0,0,0,0,0,0,0,0,0,0,0.0
0,0,0,0,0,0,0,0,0,0,0.0
0,0,0,0,0,0,0,0,0,0,0.0
0,0,0,0,0,0,0,0,0,0,0.0
0,0,0,0,0,0,0,0,0,0,0.0
0,0,0,0,0,0,0,0,0,0,0.0
0,0,0,0,0,0,0,0,0,0,0.0
0,0,0,0,0,0,0,0,0,0,5.0
1,0,0,0,0,0,0,0,0,0,0.0
0,0,0,0,0,0,0,0,0,0,8.0
0,0,0,0,0,0,0,0,0,0,16.0
0,0,0,0,0,0,0,0,0,0,0.0
0,0,0,0,0,0,0,0,0,0,0.0
0,0,0,0,0,0,0,0,0,0,0.0
0,0,0,0,0,0,0,0,0,0,0.0
0,0,0,1,0,0,1,0,0,0,0.0
0,0,0,0,0,0,0,0,0,0,0.0
0,0,0,0,0,0,0,0,0,0,0.0
0,0,0,0,0,0,0,0,0,0,0.0
0,0,0,0,0,0,0,0,0,0,0.0
0,0,0,1,0,0,0,0,0,0,0.0
0,0,0,0,0,0,0,0,0,0,0.0
0,1,0,0,0,0,1,0,0,0,0.0
0,0,0,0,0,0,0,0,0,0,0.0
0,0,0,0,0,0,0,0,0,0,0.0
0,0,0,0,0,0,0,0,0,0,0.0
0,0,0,0,0,0,0,0,0,0,0.0
0,0,0,1,0,0,0,0,0,0,0.0
0,0,0,0,0,0,0,0,0,0,0.0
0,0,0,0,0,0,0,0,0,0,0.0
0,0,0,0,0,0,0,0,0,0,0.0
0,0,0,0,0,0,0,0,0,0,0.0
0,0,0,0,0,0,0,0,0,0,0.0
0,0,0,0,0,0,0,0,0,0,0.0
1,0,0,0,0,0,0,0,0,0,0.0
0,0,0,0,0,0,0,0,0,0,0.0
0,0,0,0,0,0,0,0,0,0,0.0
0,0,0,0,0,0,0,0,0,0,0.0
0,0,0,0,0,0,0,0,0,0,0.0
0,0,0,0,0,0,0,0,0,0,0.0
0,0,0,0,0,0,0,0,0,0,0.0
0,0,0,0,0,0,0,0,0,0,0.0
0,0,0,0,0,0,0,0,0,0,0.0
0,0,0,0,0,0,0,0,0,0,0.0
0,0,0,0,0,0,0,0,0,0,0.0
0,0,0,0,0,0,0,0,0,0,0.0
0,0,0,0,0,0,0,0,0,0,0.0
0,0,0,0,0,0,0,0,0,0,0.0
0,0,0,0,0,0,0,0,0,0,0.0
0,0,0,0,0,0,0,1,0,0,0.0
0,0,0,0,0,0,0,0,0,0,0.0
0,0,0,0,0,0,0,0,0,0,0.0
0,0,0,0,0,0,0,0,0,0,3.0
0,0,0,0,0,0,0,0,0,0,0.0
0,0,0,0,0,0,0,0,0,0,0.0
0,0,0,0,0,0,0,0,0,0,0.0
0,0,0,0,0,0,0,1,0,0,0.0
0,0,0,0,0,0,0,1,0,0,0.0
0,0,0,0,0,0,0,0,0,0,0.0
0,0,0,0,0,0,0,0,0,0,0.0
0,0,0,0,0,0,0,0,0,0,0.0
0,0,0,0,0,0,0,0,0,0,0.0
0,0,0,0,0,0,0,0,0,0,0.0
0,0,0,0,0,0,0,0,0,0,0.0
0,0,0,0,0,0,0,0,0,0,0.0
0,0,0,0,0,0,0,0,0,0,0.0
0,0,0,0,0,0,0,0,0,0,0.0
0,0,0,0,0,0,0,0,0,0,0.0
0,0,0,0,0,0,0,0,0,0,0.0
0,0,0,0,0,0,0,0,0,0,0.0
0,0,0,0,0,0,0,0,0,0,0.0
0,0,0,0,0,0,0,0,0,0,3.0
0,0,0,0,0,0,0,0,0,1,0.0
0,0,0,0,0,0,0,0,0,0,0.0
0,0,0,0,0,0,0,0,0,0,4.0
0,0,0,0,0,0,0,0,0,0,16.0
0,0,0,0,0,0,0,0,0,0,0.0
0,0,0,0,0,0,0,0,0,0,0.0
0,0,0,0,0,0,0,0,0,0,0.0
0,0,0,0,0,0,0,0,0,0,0.0
0,0,0,0,0,0,0,0,0,0,0.0
0,0,0,0,0,0,0,0,0,0,0.0
1,0,0,0,0,0,0,0,0,0,0.0
0,0,0,0,0,0,0,0,0,0,0.0
0,0,0,0,0,0,0,0,0,0,0.0
0,0,0,0,0,0,0,0,0,0,0.0
1,0,0,0,0,0,0,0,0,0,3.0
0,0,0,0,0,0,0,0,0,0,0.0
0,0,0,0,0,0,0,0,0,0,0.0
0,0,0,0,0,0,0,0,0,0,0.0
0,0,0,0,0,0,0,0,0,0,0.0
0,0,0,0,0,0,0,0,0,0,0.0
0,0,0,0,0,0,0,0,0,0,0.0
0,0,0,0,0,0,0,0,0,0,0.0
0,0,0,0,0,0,0,0,0,0,0.0
0,0,0,0,0,0,0,0,0,0,0.0
0,0,0,0,0,0,0,0,0,0,0.0
0,0,0,0,0,0,0,0,0,0,0.0
0,0,0,0,0,0,0,0,0,0,0.0
0,0,0,0,0,0,0,0,0,0,0.0
0,0,0,0,0,0,0,0,0,0,0.0
0,0,0,0,0,0,0,0,0,0,60.0
1,0,0,0,0,0,0,0,1,0,0.0
0,0,0,0,0,0,0,0,0,0,0.0
0,0,0,0,0,0,0,0,0,0,0.0
0,0,0,0,0,0,0,0,1,0,25.0
0,0,0,0,0,0,0,0,0,0,0.0
0,0,0,0,0,0,0,0,0,0,0.0
0,0,0,0,0,0,0,0,0,0,0.0
0,0,0,0,0,0,0,0,0,0,0.0
0,0,0,0,0,0,0,0,0,0,0.0
0,0,0,0,0,0,0,0,0,0,0.0
0,0,0,0,0,0,0,0,0,0,0.0
1,0,0,0,0,0,0,0,0,0,0.0
0,0,0,0,0,0,0,0,0,0,0.0
0,0,0,0,0,0,0,1,0,1,0.0
0,0,0,0,0,0,0,1,0,0,0.0
0,0,0,0,0,0,0,1,0,0,0.0
0,0,0,0,0,0,0,0,0,0,0.0
1,0,0,0,1,0,0,0,0,0,0.0
0,0,0,0,0,0,0,0,0,0,0.0
1,1,0,0,0,0,0,0,0,0,0.0
0,0,0,0,0,0,0,0,1,0,3.0
0,0,0,0,0,0,0,0,0,0,0.0
0,0,0,0,0,0,0,0,0,0,0.0
0,1,0,0,0,0,0,0,0,0,0.0
0,0,0,0,0,0,0,0,0,0,0.0
0,0,0,0,0,0,0,0,0,0,0.0
0,0,0,0,0,0,0,0,0,0,0.0
0,0,0,0,0,0,0,0,0,0,0.0
0,0,0,0,0,0,0,0,0,0,0.0
0,0,0,0,0,0,0,0,0,0,0.0
0,0,0,0,0,0,0,0,0,0,0.0
0,0,0,0,0,0,0,0,0,0,0.0
0,0,0,0,0,0,0,0,0,0,0.0
0,0,0,0,0,0,0,0,0,0,8.0
0,0,0,1,0,1,0,0,0,0,0.0
0,0,0,0,0,0,0,0,0,0,1.0
0,0,0,0,0,0,0,0,0,0,0.0
0,0,0,0,0,1,0,0,0,0,7.0
0,0,0,0,0,0,0,0,0,0,8.0
0,0,0,0,0,0,0,0,0,0,7.0
1,0,0,0,0,0,0,0,0,0,6.0
0,0,0,0,0,0,0,0,0,0,1.0
0,0,0,0,0,0,0,0,0,0,0.0
1,0,0,1,0,0,0,0,0,0,2.0
0,0,0,0,0,0,0,0,0,0,2.0
0,0,0,0,0,0,0,0,0,0,1.0
0,0,0,0,0,0,0,0,0,0,5.0
0,0,0,0,0,0,0,0,0,0,123.0
0,0,0,0,0,0,0,0,0,0,0.0
0,0,0,0,0,0,0,0,0,0,2.0
0,0,0,0,0,0,0,0,0,0,0.0
1,0,0,0,0,0,0,0,1,0,0.0
0,0,0,0,0,0,0,0,0,0,0.0
0,0,0,0,1,0,0,0,0,0,0.0
0,0,0,0,0,0,0,0,0,0,5.0
0,0,0,0,0,0,0,0,0,0,1.0
0,0,0,0,0,0,0,0,0,0,2.0
0,0,0,0,0,0,0,0,0,0,4.0
0,0,0,0,0,0,0,0,0,0,2.0
0,0,0,0,0,0,0,0,0,0,7.0
0,0,0,1,0,1,0,0,0,0,4.0
0,0,1,0,0,0,0,0,0,0,69.0
1,0,0,0,0,0,0,0,0,0,0.0
1,0,0,0,0,0,0,0,0,0,0.0
0,0,0,0,0,0,0,0,0,0,1.0
0,0,1,0,0,0,0,0,0,0,37.0
0,0,0,0,0,0,0,0,0,0,0.0
0,0,0,0,0,0,0,0,0,0,1.0
0,0,0,0,0,0,0,0,0,0,1.0
0,0,0,0,0,0,0,0,0,0,1.0
0,0,0,0,0,0,0,0,0,0,1.0
0,0,0,0,0,0,0,0,0,0,1.0
0,0,0,0,0,0,0,0,0,0,1.0
0,0,0,0,0,0,0,0,0,0,1.0
0,0,0,0,0,0,0,0,0,0,1.0
0,0,0,0,0,0,0,0,0,0,0.0
1,0,0,0,0,0,0,0,0,0,0.0
0,0,0,0,0,0,0,0,0,0,3.0
0,0,0,0,0,0,0,1,0,0,0.0
0,0,0,0,0,0,0,0,0,0,6.0
0,0,0,0,0,0,0,0,0,0,34.0
0,0,0,0,0,0,0,0,0,0,1.0
0,0,0,0,0,0,0,0,0,0,4.0
0,0,0,0,0,0,0,0,0,0,0.0
0,0,0,0,0,0,0,0,0,0,0.0
0,0,0,0,0,0,0,0,0,0,0.0
0,0,0,0,0,0,0,0,0,0,0.0
0,1,0,0,0,0,0,0,0,1,0.0
0,0,0,0,0,0,0,0,0,0,30.0
0,0,0,0,1,0,0,0,0,0,0.0
1,0,0,0,0,0,0,0,0,1,0.0
0,0,0,0,0,0,0,0,0,0,0.0
0,0,0,0,0,0,0,0,0,0,1.0
1,0,0,0,0,0,0,0,0,0,1.0
1,0,0,0,0,0,0,0,0,0,1.0
1,0,0,0,0,0,0,0,0,0,1.0
1,0,0,0,0,0,0,0,0,0,1.0
1,0,0,0,0,0,0,0,0,0,1.0
1,0,0,0,0,0,0,0,0,0,1.0
1,0,0,0,0,0,0,0,0,0,2.0
0,0,1,0,0,0,0,0,0,0,0.0
0,0,0,0,0,0,0,0,0,0,0.0
1,0,0,0,0,0,0,0,0,0,1.0
0,0,1,0,0,0,0,0,0,0,2.0
0,0,1,0,0,0,0,0,0,0,2.0
0,0,1,0,0,0,0,0,0,0,2.0
0,0,1,0,0,0,0,0,0,0,0.0
0,0,0,0,0,0,0,0,0,0,0.0
0,0,0,0,0,0,0,0,0,0,0.0
1,0,0,0,0,0,0,0,0,0,0.0
1,0,0,0,0,0,0,0,0,0,0.0
1,0,0,0,0,0,0,0,0,0,0.0
1,0,0,0,0,0,0,0,0,0,0.0
1,0,0,0,0,0,0,0,0,0,0.0
1,0,0,0,0,0,0,0,0,0,0.0
0,0,0,0,0,0,0,0,0,0,0.0
0,0,0,0,0,0,0,0,0,0,6.0
0,0,0,0,0,0,0,0,0,0,0.0
0,0,1,0,0,0,1,0,0,0,1.0
0,0,1,0,0,0,1,0,0,0,1.0
0,0,1,0,0,0,1,0,0,0,1.0
0,0,0,0,0,0,0,0,0,0,2.0
0,0,0,0,0,0,0,0,0,0,0.0
0,0,0,0,0,0,0,0,0,0,0.0
0,0,0,0,0,0,0,0,0,0,0.0
0,0,0,0,0,0,0,0,0,0,0.0
0,0,0,0,0,0,0,0,0,0,0.0
0,0,0,0,0,0,0,0,0,0,0.0
0,0,0,0,0,0,0,0,0,0,0.0
0,0,0,0,0,0,0,0,0,0,0.0
0,0,0,0,0,0,0,0,0,0,6.0
0,0,0,0,0,0,0,0,0,0,1.0
0,0,0,0,0,0,0,0,0,0,0.0
0,0,0,0,0,0,0,0,0,0,0.0
1,0,0,0,0,0,0,0,0,0,1.0
1,0,0,0,0,0,0,0,0,0,1.0
1,0,0,0,0,0,0,0,0,0,1.0
0,0,0,0,0,0,0,0,0,0,0.0
0,0,0,0,0,0,0,0,0,0,1.0
0,0,0,0,0,0,0,0,0,0,0.0
0,0,0,0,0,0,0,0,0,0,0.0
0,0,0,0,0,0,0,0,0,0,0.0
0,0,0,0,0,0,0,0,0,0,0.0
0,0,0,0,0,0,0,0,0,0,1.0
0,0,0,0,0,0,0,1,0,0,0.0
0,0,0,0,0,0,0,1,0,0,0.0
0,0,0,0,0,0,0,1,0,0,0.0
0,0,0,0,0,0,0,0,0,0,0.0
0,0,0,0,0,0,0,0,0,0,0.0
0,0,0,0,0,0,0,0,0,0,0.0
0,0,0,0,0,0,0,0,0,0,0.0
0,0,0,0,0,0,0,0,0,0,1.0
0,0,0,0,0,0,0,0,0,0,6.0
0,0,0,0,0,0,0,0,0,0,50.0
0,0,0,0,0,0,0,0,0,0,1.0
0,0,0,0,1,0,0,0,0,0,5.0
0,0,0,0,1,0,0,0,0,0,5.0
0,0,0,0,0,0,0,0,0,0,4.0
0,0,0,0,1,0,1,0,1,0,1.0
0,0,0,0,0,0,0,0,0,0,0.0
0,0,0,0,0,0,0,0,0,0,22.0
0,0,0,0,0,0,0,0,0,0,0.0
0,0,0,0,0,0,0,0,0,0,0.0
0,0,0,0,0,0,0,0,0,0,8.0
0,0,0,0,0,0,0,0,0,0,6.0
0,0,1,0,0,0,0,0,0,0,1.0
0,0,1,0,0,0,0,0,0,0,1.0
0,0,0,0,0,0,0,0,0,0,42.0
0,0,0,0,0,0,0,0,0,0,0.0
0,0,0,0,0,0,0,0,0,0,0.0
1,0,0,0,0,0,0,0,1,0,1.0
0,0,0,0,0,0,0,0,0,0,0.0
0,0,0,0,0,0,0,0,0,0,40.0
0,0,0,0,0,0,0,0,0,0,158.0
0,0,0,0,0,0,0,0,0,0,384.0
0,0,0,0,0,0,0,0,0,0,420.0
0,0,0,0,0,0,0,0,0,0,0.0
0,0,0,0,0,0,0,0,0,0,0.0
0,0,1,0,0,0,0,0,0,0,307.0
0,0,1,0,0,0,0,0,0,0,352.0
0,0,0,0,0,0,0,0,0,0,3.0
0,0,0,0,0,0,0,0,0,0,58.0
0,0,0,0,0,0,0,0,0,0,1.0
1,0,0,0,0,0,0,0,0,1,9.0
1,0,0,0,0,0,0,0,0,1,8.0
1,0,0,0,0,0,0,0,0,1,85.0
1,0,0,0,0,0,0,0,0,1,69.0
1,0,0,0,0,0,0,0,0,1,120.0
1,0,0,0,0,0,0,0,0,1,18.0
0,0,0,0,0,0,0,0,0,0,1.0
0,0,0,0,0,0,0,0,0,0,0.0
0,0,0,0,0,0,0,0,0,0,2.0
0,0,0,0,0,0,0,0,0,0,0.0
0,0,0,0,0,0,0,0,0,0,15.0
0,0,0,0,0,0,0,0,0,0,15.0
0,0,0,0,0,0,0,0,0,0,17.0
0,0,0,0,0,0,0,0,0,0,9.0
0,0,0,0,0,0,0,0,0,0,42.0
0,0,0,0,0,0,0,0,0,0,0.0
0,0,0,0,0,0,0,0,0,0,5.0
0,0,1,0,0,0,0,0,0,0,171.0
0,0,0,0,0,0,0,0,0,0,6.0
0,0,0,0,0,0,0,0,0,0,151.0
0,1,0,0,0,0,0,0,0,0,1.0
0,0,0,0,0,0,0,0,0,1,0.0
0,0,0,0,0,0,0,1,0,0,0.0
0,0,0,0,0,0,0,0,0,0,0.0
0,0,0,0,0,0,0,0,0,0,1.0
0,0,0,0,0,0,0,0,0,0,6.0
0,0,0,0,0,0,0,0,0,0,2.0
0,0,0,0,0,0,0,0,0,0,0.0
0,0,0,0,0,0,0,0,0,0,0.0
0,0,0,0,0,0,0,0,0,0,0.0
0,0,0,0,0,0,0,0,0,0,0.0
0,0,0,0,0,0,0,0,0,0,0.0
0,0,0,0,0,0,0,0,0,0,1.0
0,0,0,0,0,0,0,0,0,0,3.0
0,0,0,0,0,0,0,0,0,0,0.0
0,0,0,0,0,0,0,0,0,0,1.0
0,0,0,0,0,0,0,0,0,0,2.0
0,0,0,0,0,0,0,0,0,0,0.0
0,0,0,0,0,0,0,0,0,0,3.0
0,0,0,0,0,0,0,0,0,1,0.0
1,0,0,0,0,0,0,0,0,1,2.0
0,0,0,0,0,0,0,0,0,0,2.0
0,0,0,0,0,0,0,0,0,0,7.0
0,0,0,0,0,0,0,0,0,0,23.0
0,0,0,0,0,0,0,0,0,0,0.0
1,0,0,0,0,0,0,0,0,1,0.0
0,0,0,0,0,0,0,0,0,0,0.0
0,0,0,0,0,0,0,0,0,0,0.0
0,0,0,0,0,0,0,0,0,0,0.0
0,0,0,0,0,0,0,0,0,0,0.0
0,0,0,0,0,0,0,0,0,0,0.0
0,0,0,0,0,0,0,0,0,0,0.0
0,1,0,0,0,0,0,0,0,0,2.0
0,0,1,0,0,0,0,0,0,0,0.0
0,0,1,0,0,0,1,0,1,0,2766.0
0,0,1,0,0,0,1,0,1,0,2259.0
0,0,0,0,0,0,0,0,0,0,0.0
0,0,0,0,0,0,0,0,0,0,0.0
1,0,0,0,0,0,0,0,0,0,0.0
0,0,0,0,0,0,0,0,0,0,13.0
0,1,0,0,0,0,0,0,0,0,0.0
0,1,0,0,0,0,1,0,0,0,0.0
0,0,0,0,0,0,0,0,0,0,1.0
0,0,0,0,0,0,0,0,0,0,0.0
0,0,0,0,0,0,0,0,0,0,0.0
0,0,0,0,0,0,0,0,0,0,0.0
0,0,0,0,0,0,0,0,0,0,0.0
0,0,0,0,0,0,0,0,1,0,109.0
0,0,0,0,0,0,0,0,0,0,0.0
0,0,0,0,0,0,0,0,0,0,0.0
0,0,0,0,0,0,0,0,0,0,0.0
0,0,0,0,0,0,0,0,0,0,0.0
0,0,0,0,0,0,0,0,0,0,0.0
0,0,0,0,0,0,0,0,0,0,0.0
0,0,0,0,0,0,0,0,0,0,0.0
0,0,0,0,0,0,1,0,0,0,9.0
0,0,0,0,0,0,0,0,0,0,4.0
0,0,0,0,0,0,0,0,0,0,2.0
0,0,0,0,0,0,0,0,0,0,0.0
0,0,0,0,0,0,0,0,0,0,0.0
0,0,0,0,0,0,0,0,0,0,1.0
0,0,0,0,0,0,0,0,0,0,0.0
0,0,0,0,0,0,0,0,0,0,1.0
0,0,0,0,0,0,0,0,0,0,2.0
0,0,0,0,0,0,0,0,0,0,0.0
0,0,0,0,0,0,0,0,0,0,6.0
0,0,0,0,0,0,0,0,0,0,36.0
0,0,0,0,0,0,0,0,0,0,0.0
0,0,0,0,0,0,0,0,0,0,1.0
1,0,0,0,0,0,0,0,0,0,1.0
0,0,0,0,0,0,0,0,0,0,0.0
0,0,0,0,0,0,0,0,0,0,13.0
0,0,0,0,0,0,0,0,0,0,1.0
0,0,0,0,0,0,0,0,0,0,3.0
1,0,0,0,1,0,0,0,0,0,6.0
1,0,0,0,0,0,0,0,0,1,1.0
1,0,0,0,0,0,0,0,0,1,1.0
0,0,0,0,0,0,0,0,0,0,0.0
0,0,0,0,0,0,0,0,0,0,0.0
0,0,0,0,0,0,0,0,0,0,121.0
0,0,0,0,0,0,0,0,0,0,42.0
0,0,0,0,0,0,1,0,0,0,2.0
0,0,0,0,0,0,0,0,0,0,7.0
0,0,0,0,0,0,0,0,0,0,0.0
0,0,0,0,0,0,0,0,0,0,0.0
1,0,0,0,0,0,0,0,0,0,0.0
1,0,0,0,0,0,0,0,0,0,0.0
1,0,0,0,0,0,0,0,0,0,0.0
0,0,0,0,1,0,0,0,0,0,0.0
0,0,0,0,1,0,0,0,0,0,0.0
0,0,0,0,1,0,0,0,0,0,1.0
0,0,0,0,1,0,0,0,0,0,1.0
0,0,0,0,1,0,0,0,0,0,11.0
0,0,0,0,1,0,0,0,0,0,0.0
0,0,0,0,0,0,0,0,0,0,317.0
0,0,0,0,0,0,0,0,0,0,0.0
0,0,0,0,1,0,0,0,0,0,0.0
0,0,0,0,1,0,0,0,0,0,0.0
0,0,0,0,1,0,0,0,0,0,0.0
0,0,0,0,0,0,0,0,0,0,0.0
0,0,0,0,0,0,0,0,0,0,1.0
0,0,0,0,0,0,0,0,0,0,3.0
0,0,0,0,0,0,0,0,0,0,0.0
0,0,0,0,1,0,0,0,0,0,0.0
1,0,0,0,0,0,0,0,0,0,0.0
0,0,0,0,0,0,0,0,0,0,2.0
0,0,0,0,0,0,1,0,0,0,9.0
0,0,0,0,0,0,0,0,0,0,0.0
1,0,0,0,1,0,0,0,0,0,2.0
0,0,0,0,0,0,0,0,0,0,0.0
0,0,0,0,0,0,0,0,0,0,0.0
0,0,0,0,1,0,0,0,0,0,0.0
0,0,0,0,0,0,0,0,0,0,1.0
0,0,0,0,0,0,0,0,0,0,0.0
0,0,0,0,0,0,0,0,0,0,1.0
0,0,0,0,0,0,0,0,0,0,1.0
0,0,0,0,0,0,0,0,0,0,2.0
0,0,0,0,0,0,0,0,0,0,0.0
1,0,0,0,0,0,0,0,0,0,0.0
0,0,0,0,0,0,0,0,0,0,0.0
0,0,0,0,0,0,0,0,0,0,0.0
0,0,0,0,0,0,0,0,0,0,0.0
0,0,0,0,1,0,0,0,0,0,1.0
0,0,0,0,0,0,0,0,0,0,0.0
0,0,0,0,0,0,0,0,0,0,1.0
0,0,0,0,0,0,0,0,0,0,0.0
1,0,0,0,0,0,0,0,0,0,2.0
0,0,0,0,0,0,0,0,0,0,0.0
1,0,0,0,0,0,0,0,0,0,0.0
0,0,0,0,0,0,0,0,0,0,0.0
0,0,0,0,0,0,0,0,1,0,0.0
0,0,0,0,0,0,0,0,0,0,0.0
0,0,0,0,0,0,0,0,0,0,1.0
0,0,0,0,1,0,0,0,0,0,5.0
0,0,0,0,1,0,0,0,0,0,0.0
0,0,0,0,0,0,0,0,0,0,0.0
0,0,0,0,0,0,0,0,0,0,0.0
0,0,0,0,0,0,0,0,0,0,0.0
0,0,0,0,0,0,0,0,0,0,0.0
0,0,0,0,0,0,0,0,0,0,0.0
0,0,0,0,0,0,0,0,0,0,0.0
0,1,0,0,0,0,0,0,0,0,0.0
0,0,0,0,0,0,0,0,0,0,0.0
1,0,0,0,0,0,0,0,1,0,0.0
1,0,0,0,0,0,0,0,1,0,0.0
1,0,0,0,0,0,0,0,1,0,0.0
0,0,0,0,0,0,0,0,0,0,2.0
0,0,0,0,0,0,0,0,0,0,0.0
0,0,0,0,0,0,0,0,0,0,0.0
0,0,0,0,0,0,0,0,0,0,0.0
0,0,0,0,0,0,0,0,0,0,40.0
0,0,0,0,0,0,0,0,0,0,216.0
0,0,0,0,0,0,0,0,0,0,202.0
0,0,0,0,0,0,0,0,0,0,0.0
0,0,0,0,0,0,0,0,0,0,0.0
0,0,0,0,0,0,0,0,0,0,0.0
0,0,0,1,0,1,0,0,0,0,1.0
0,0,0,0,0,0,0,0,0,0,0.0
0,0,0,0,0,0,0,0,0,0,0.0
0,0,0,0,0,0,0,0,0,0,2.0
0,0,0,0,0,0,0,0,0,0,13.0
0,0,0,0,0,0,0,0,0,0,11.0
0,0,0,0,0,0,0,0,0,0,4.0
0,0,0,0,0,0,0,0,0,0,0.0
0,0,0,0,0,0,0,0,0,0,7.0
0,0,0,0,0,0,0,0,0,0,0.0
0,0,0,0,0,0,0,0,0,0,0.0
0,0,0,0,1,0,0,0,0,0,0.0
0,0,0,0,0,0,0,0,0,0,1.0
0,0,0,0,0,0,0,0,0,0,0.0
0,0,0,0,0,0,0,0,0,0,4.0
0,0,0,0,0,0,0,0,0,0,139.0
0,0,0,0,0,0,0,0,0,0,22.0
0,0,0,0,0,0,0,0,0,0,0.0
0,0,0,0,0,0,0,0,0,0,1.0
0,0,0,0,0,0,0,0,0,0,0.0
0,0,0,0,0,0,0,0,0,0,0.0
0,0,0,0,0,0,0,0,0,0,0.0
0,0,0,0,0,0,0,0,0,0,0.0
0,0,0,0,0,0,0,0,0,0,604.0
0,0,0,0,0,0,0,0,0,0,9.0
0,0,0,0,0,0,0,0,0,0,0.0
0,0,0,1,0,1,0,0,1,0,27.0
0,0,0,0,0,0,0,0,0,0,0.0
0,0,0,0,0,0,0,0,0,0,0.0
0,0,0,0,0,0,0,0,0,0,0.0
0,0,0,0,0,0,0,0,1,0,4.0
0,0,0,0,0,0,0,0,0,0,0.0
0,0,0,0,0,0,0,0,0,0,0.0
0,0,0,0,0,0,0,0,0,0,0.0
0,0,0,0,0,0,0,0,0,0,0.0
0,0,0,0,0,0,0,0,0,0,4.0
0,0,0,0,0,0,0,0,0,0,1.0
0,1,0,0,0,0,1,0,0,0,0.0
0,0,0,0,0,0,0,0,0,0,0.0
0,0,0,0,0,0,0,0,0,0,1.0
0,0,0,0,0,0,0,0,0,0,1.0
0,0,0,0,0,0,0,0,0,0,0.0
0,0,0,0,0,0,0,0,0,0,0.0
0,0,0,0,0,0,0,0,0,0,0.0
0,0,0,0,0,0,0,0,0,0,0.0
0,0,0,0,0,0,0,0,1,0,148.0
0,0,0,0,0,0,0,0,0,0,0.0
0,0,0,0,0,0,0,0,0,0,0.0
0,0,0,0,0,0,0,0,0,0,0.0
0,0,0,0,0,0,0,0,0,0,0.0
0,0,0,0,0,0,0,0,0,0,129.0
0,0,0,0,0,0,0,0,0,0,418.0
0,0,0,0,0,0,0,0,0,0,0.0
0,1,0,0,0,0,0,0,0,0,0.0
0,0,0,0,0,0,0,0,0,0,0.0
0,0,0,0,0,0,0,0,0,0,0.0
0,0,0,0,0,0,0,0,0,0,0.0
0,0,0,0,0,0,0,0,0,0,0.0
0,0,0,0,0,0,0,0,0,0,0.0
0,0,0,0,0,0,0,0,0,0,0.0
0,0,0,0,0,0,0,0,0,0,1.0
0,0,0,0,0,0,0,0,0,0,0.0
0,0,0,0,0,0,0,0,0,0,0.0
0,0,0,0,0,0,0,0,0,0,0.0
0,0,0,0,0,0,0,0,0,0,0.0
0,0,0,0,0,0,0,0,0,0,0.0
0,0,0,0,0,0,0,0,0,0,0.0
0,0,0,0,0,0,0,0,0,0,0.0
0,0,0,0,0,0,0,0,0,0,0.0
0,0,0,0,0,0,0,0,0,0,0.0
0,0,0,0,1,0,0,0,0,0,1.0
0,0,0,0,0,0,0,0,0,0,0.0
0,0,0,0,0,0,0,0,0,0,0.0
0,0,0,0,0,0,0,0,0,0,3.0
0,0,0,0,0,0,0,0,0,0,5.0
1,0,0,0,0,0,1,0,0,0,0.0
1,0,0,0,0,0,1,0,0,0,1.0
0,0,0,0,0,0,0,0,0,0,1.0
0,0,0,0,0,0,0,0,0,0,0.0
0,0,0,0,0,0,0,0,0,0,2.0
0,1,0,0,0,0,0,0,0,0,59.0
0,1,0,0,0,0,0,0,0,0,149.0
0,0,0,0,0,0,0,0,0,0,1.0
1,0,0,0,0,0,0,0,0,0,0.0
0,0,0,0,0,0,0,0,0,0,0.0
0,0,0,0,0,0,0,0,0,0,0.0
0,0,0,0,0,0,0,0,0,0,0.0
0,1,0,0,0,0,0,0,0,0,6.0
0,1,0,0,0,0,0,0,0,0,7.0
0,1,0,0,0,0,0,0,0,0,2.0
0,0,0,0,0,0,0,0,0,0,0.0
0,0,0,0,0,0,0,0,0,0,0.0
0,0,0,0,0,0,0,0,0,0,0.0
0,0,0,0,0,0,0,0,0,0,0.0
0,0,0,0,0,0,0,0,0,0,3.0
0,0,0,0,0,0,0,0,0,0,1685.0
1,0,0,0,0,0,0,0,0,0,0.0
0,0,0,0,0,0,0,1,0,0,0.0
0,0,0,0,0,0,0,0,0,0,0.0
0,0,0,0,0,0,0,0,0,0,17.0
0,0,0,0,0,0,0,0,0,0,0.0
0,0,0,0,0,0,0,0,0,0,7.0
0,0,0,0,0,0,0,0,0,0,0.0
0,0,0,0,0,0,0,0,0,0,0.0
0,0,0,0,0,0,0,0,0,0,0.0
0,0,0,0,0,0,0,0,0,0,0.0
0,0,0,0,0,0,0,0,0,0,5.0
0,0,0,0,0,0,0,0,0,0,5.0
0,0,0,0,0,0,0,0,0,0,1.0
0,0,0,0,0,0,0,0,0,0,0.0
0,0,0,0,0,0,0,0,0,0,0.0
0,0,0,0,1,0,0,0,0,0,0.0
0,0,0,0,0,0,0,0,0,0,1.0
0,0,0,0,0,1,0,0,0,0,20.0
0,0,0,0,0,0,0,0,0,0,88.0
0,0,0,0,0,0,0,0,0,0,0.0
0,0,0,1,0,1,1,0,0,0,334.0
0,0,0,0,0,0,0,0,0,0,0.0
0,0,1,0,0,0,0,0,0,0,341.0
0,0,0,0,0,0,0,0,0,0,0.0
0,0,0,0,0,0,0,0,0,0,0.0
0,0,0,0,0,0,0,0,0,0,1.0
0,0,0,0,0,0,0,0,0,0,1.0
0,1,0,0,0,0,0,0,0,0,0.0
0,0,0,0,0,0,0,0,0,0,1.0
0,0,0,1,0,1,1,0,0,0,1.0
0,0,0,0,0,0,0,0,0,0,0.0
0,0,0,0,0,0,0,0,0,0,1.0
0,0,0,0,1,0,0,0,0,0,0.0
0,0,0,0,0,0,0,0,0,0,6.0
0,0,0,0,0,0,0,0,0,0,0.0
0,0,0,0,0,0,0,0,0,0,0.0
0,0,0,0,0,0,0,0,0,0,103.0
0,0,0,0,0,0,0,0,0,0,0.0
0,0,0,0,0,0,0,0,0,0,0.0
0,0,0,0,1,0,0,0,0,0,0.0
0,0,0,0,0,0,0,0,0,0,1.0
0,0,0,0,0,0,0,0,0,0,0.0
0,0,0,0,0,0,0,0,0,0,0.0
0,0,0,0,0,0,0,0,0,0,0.0
0,1,0,0,0,0,0,0,0,0,0.0
0,0,0,0,1,0,0,0,0,0,0.0
0,0,0,0,1,0,0,0,0,0,11.0
0,0,0,0,0,0,1,0,1,0,0.0
0,0,0,0,0,0,0,0,0,0,0.0
0,0,0,0,0,0,0,0,0,0,0.0
0,0,0,0,0,0,0,0,0,0,0.0
0,0,0,0,0,0,0,0,0,0,0.0
0,0,0,0,0,0,0,0,0,0,0.0
0,0,0,0,0,0,0,0,0,0,0.0
0,0,0,0,0,0,0,0,0,0,6.0
0,0,0,0,0,0,0,0,0,0,0.0
0,0,0,0,0,0,0,0,0,0,0.0
1,0,0,0,0,0,0,0,0,0,0.0
0,0,0,0,1,0,0,0,0,0,0.0
0,0,0,0,1,0,0,0,0,0,5.0
0,0,0,0,0,0,1,0,0,0,1.0
0,0,0,0,0,0,0,0,0,0,1288.0
0,0,0,0,0,0,0,0,0,0,0.0
0,0,0,0,0,0,0,0,0,0,2.0
0,0,0,0,0,0,0,0,0,0,1.0
0,0,0,0,0,0,0,0,0,0,2.0
0,0,0,0,0,0,0,0,0,0,0.0
0,0,0,0,0,0,0,0,0,0,0.0
0,0,0,0,0,0,0,0,0,0,0.0
0,0,0,0,0,0,0,0,0,0,0.0
0,0,0,0,0,0,0,0,0,0,0.0
0,0,1,0,0,0,0,0,0,0,1046.0
0,0,0,1,0,1,0,0,0,0,1.0
0,0,0,0,0,0,0,0,0,0,1.0
0,0,0,0,0,0,0,0,0,0,3.0
0,0,0,0,0,0,0,0,0,0,0.0
0,1,0,0,0,0,0,0,0,0,0.0
0,0,0,0,0,0,0,0,0,0,0.0
0,0,0,0,0,0,0,0,0,0,0.0
1,0,0,0,0,0,1,0,0,0,0.0
1,0,0,0,0,0,1,0,0,0,0.0
0,0,0,0,0,0,0,0,0,0,0.0
0,0,0,0,0,0,0,0,0,0,1.0
0,1,0,0,0,0,0,0,0,0,0.0
0,1,0,0,0,0,1,0,0,0,0.0
0,0,0,0,0,0,0,0,0,1,0.0
0,0,0,0,0,0,0,0,0,0,1.0
0,0,0,0,0,0,0,0,0,0,5.0
0,0,0,0,0,0,0,0,0,0,0.0
0,0,0,0,0,0,0,0,0,0,0.0
0,0,0,0,1,0,0,0,0,0,0.0
1,0,0,0,0,0,0,0,0,0,0.0
1,0,0,0,0,0,0,0,0,0,0.0
1,0,0,0,0,0,0,0,0,0,0.0
1,0,0,0,0,0,0,0,0,0,0.0
0,0,0,0,0,0,0,0,0,0,0.0
0,0,0,0,0,0,0,0,0,0,0.0
0,0,0,0,0,0,0,0,0,0,4.0
1,0,0,0,1,0,0,0,0,0,29.0
1,0,0,0,1,0,0,0,0,0,24.0
1,0,0,0,1,0,0,0,0,0,21.0
1,0,0,0,1,0,0,0,0,0,9.0
0,0,0,1,0,1,0,0,0,0,0.0
0,0,0,0,0,0,0,0,0,1,2.0
0,0,0,0,0,0,0,0,0,1,3.0
0,0,0,0,0,0,0,0,0,0,2.0
0,0,0,0,0,0,0,0,0,0,0.0
0,0,0,0,0,0,0,0,0,0,0.0
0,0,0,0,0,0,0,0,0,0,1.0
0,0,0,0,0,0,0,0,0,0,0.0
0,0,0,0,0,0,0,0,0,0,4.0
0,0,0,1,0,1,0,0,0,0,3.0
0,0,0,0,0,0,0,0,0,0,1.0
0,0,0,0,0,0,0,0,0,0,1.0
0,0,0,0,0,0,0,0,0,0,0.0
0,0,0,0,0,0,0,0,0,0,0.0
0,0,0,0,0,0,0,0,0,0,0.0
0,0,0,0,0,0,0,0,0,0,0.0
0,0,0,0,0,0,0,0,0,0,0.0
0,1,0,0,0,0,0,0,0,0,0.0
0,1,0,0,0,0,0,0,0,0,0.0
0,1,0,0,0,0,0,0,0,0,0.0
0,0,0,0,0,0,0,0,0,0,0.0
0,0,0,0,0,0,0,0,0,0,1.0
0,0,0,0,0,0,0,0,0,0,24.0
0,0,0,0,0,0,0,0,0,0,5.0
0,0,0,0,0,0,0,0,0,0,4.0
0,0,0,0,0,0,0,0,0,0,0.0
0,0,0,0,0,0,0,0,0,0,16.0
0,0,0,0,0,0,0,0,0,0,434.0
0,0,0,0,0,0,0,0,0,0,0.0
0,0,0,0,0,0,0,0,0,0,0.0
0,0,0,0,0,0,0,0,0,1,0.0
0,0,0,0,0,0,0,0,0,0,0.0
0,0,0,0,0,0,0,0,0,0,0.0
0,0,0,0,0,0,0,0,0,0,21.0
0,0,0,0,0,0,0,0,0,0,0.0
0,0,0,0,0,0,0,0,0,0,0.0
0,0,0,0,0,0,0,0,0,0,0.0
1,0,0,0,0,0,0,0,0,0,0.0
0,0,0,0,0,0,0,0,0,0,0.0
0,0,0,0,0,0,0,0,0,0,0.0
0,0,0,0,0,0,0,0,0,0,0.0
0,0,0,0,0,0,0,0,0,0,1.0
0,0,0,0,0,0,0,0,0,0,0.0
0,0,0,0,0,0,0,0,0,0,8.0
0,0,0,0,0,0,0,0,0,0,0.0
0,0,0,0,0,0,0,0,0,0,0.0
0,0,0,0,0,0,0,0,0,0,0.0
0,0,0,0,0,0,0,0,0,0,3.0
0,0,0,1,0,1,0,0,0,0,0.0
0,0,0,1,0,1,0,0,0,0,0.0
0,0,0,1,0,1,0,0,0,0,0.0
0,0,0,1,0,1,0,0,0,0,0.0
0,0,0,1,0,1,0,0,0,0,0.0
0,0,0,1,0,1,0,0,0,0,0.0
0,0,0,1,0,1,0,0,0,0,0.0
0,0,0,0,0,0,0,0,0,0,0.0
0,0,0,0,0,0,0,0,0,0,0.0
0,0,0,0,0,0,0,0,0,0,1.0
0,0,0,0,0,0,0,0,0,0,1.0
0,0,0,0,0,0,1,0,0,0,0.0
0,0,0,0,0,1,0,0,0,0,0.0
0,0,0,0,0,0,0,0,0,0,0.0
0,0,0,0,0,0,0,0,0,0,139.0
0,0,0,0,0,0,0,0,0,0,173.0
0,0,0,0,0,0,0,0,0,0,0.0
0,0,0,0,0,0,0,0,0,0,0.0
0,0,0,0,0,0,0,0,0,0,0.0
0,0,0,0,0,0,0,0,0,0,2.0
0,0,0,0,0,0,0,0,0,0,0.0
0,0,0,0,0,0,0,0,0,0,0.0
0,0,0,0,0,0,0,0,0,0,5.0
0,0,0,0,0,0,0,0,0,0,4.0
1,0,0,0,0,0,0,0,0,0,0.0
0,0,0,0,0,0,0,0,0,0,0.0
0,0,0,0,0,0,0,0,0,0,0.0
0,0,0,0,0,0,0,0,0,0,0.0
0,0,0,0,0,0,0,0,0,0,0.0
0,0,0,0,0,0,0,0,0,0,1.0
0,0,0,0,0,0,0,0,0,0,0.0
0,0,0,0,0,0,0,0,0,0,21.0
0,0,0,0,0,0,0,0,0,0,0.0
0,0,0,0,0,0,0,0,0,0,0.0
0,0,0,0,0,0,0,0,0,0,0.0
0,0,0,0,0,0,0,0,0,0,0.0
1,0,0,0,0,0,0,0,0,0,0.0
0,0,0,0,0,0,0,0,0,0,0.0
0,0,0,0,0,0,0,0,0,0,0.0
0,0,0,0,0,0,0,0,0,0,10.0
0,0,0,0,0,0,0,0,0,0,8.0
0,0,0,0,0,0,0,0,0,0,29.0
0,0,0,0,1,0,0,0,0,0,0.0
0,0,0,0,0,0,0,0,0,0,0.0
0,0,1,0,0,0,0,0,0,0,0.0
0,0,0,0,0,0,0,0,0,0,0.0
0,1,0,0,1,0,0,0,0,0,0.0
0,0,0,0,0,0,0,0,0,0,5.0
0,0,0,0,0,0,0,0,0,0,0.0
0,0,0,0,0,0,0,0,0,0,0.0
0,0,0,0,0,0,0,0,0,0,0.0
0,0,0,0,0,0,0,0,0,0,0.0
0,1,0,0,0,0,0,0,0,0,0.0
0,0,0,0,0,0,0,0,0,0,1.0
0,0,0,0,0,0,0,0,0,0,0.0
0,0,0,0,0,1,0,0,0,0,39.0
0,0,0,0,0,0,0,0,0,0,24.0
0,0,0,0,0,0,0,0,0,0,1.0
0,0,0,0,0,0,0,0,0,0,0.0
1,0,0,0,0,0,0,0,0,0,1.0
1,0,0,0,0,0,0,0,0,0,1.0
1,0,0,0,0,0,0,0,0,0,2.0
0,0,0,0,0,0,0,0,0,0,0.0
0,0,0,0,0,0,0,0,0,0,4.0
0,0,0,0,0,0,0,0,0,0,2.0
0,0,0,0,0,0,0,0,0,0,0.0
0,0,0,0,0,0,1,0,0,0,0.0
0,0,1,0,0,0,0,0,0,0,0.0
0,0,1,0,0,0,0,0,0,0,0.0
0,0,0,0,0,0,0,0,0,0,0.0
0,0,0,0,0,0,0,0,0,0,0.0
0,0,0,0,0,0,0,0,0,0,0.0
0,0,0,0,0,0,0,0,0,0,2.0
0,0,1,0,0,0,0,0,0,0,300.0
0,0,0,0,0,0,0,0,0,0,0.0
0,0,0,0,0,0,0,0,0,0,0.0
0,0,0,0,0,0,0,1,0,0,0.0
0,0,0,0,0,0,0,0,0,0,0.0
0,0,0,0,0,0,0,0,0,0,25.0
0,0,0,0,0,0,0,0,0,0,7.0
0,0,0,0,0,0,0,0,0,0,3.0
0,0,0,0,0,0,0,0,0,0,1.0
0,0,0,0,0,0,0,0,0,0,0.0
0,0,0,0,0,0,0,0,0,0,0.0
0,0,0,0,0,0,0,0,0,0,8.0
0,0,0,0,0,0,0,0,0,1,0.0
0,0,0,0,0,0,0,0,0,0,0.0
0,0,0,0,0,0,0,0,0,0,84.0
0,0,0,0,0,0,0,0,0,0,0.0
0,0,0,0,0,0,0,0,0,0,0.0
0,0,0,0,1,0,0,0,0,0,0.0
1,0,0,0,0,0,0,0,0,0,1.0
1,0,0,0,0,0,0,0,0,0,0.0
1,0,0,0,0,0,0,0,0,0,3.0
0,0,0,0,0,0,0,0,0,0,0.0
0,1,0,0,0,0,0,0,0,0,0.0
1,0,0,0,0,0,0,0,0,0,0.0
0,0,0,0,0,0,0,0,0,0,0.0
0,0,1,1,0,1,0,0,0,0,1.0
0,0,1,1,0,1,0,0,0,0,1.0
0,0,1,1,0,1,0,0,0,0,1.0
0,0,1,1,0,1,0,0,0,0,1.0
0,0,0,0,0,0,0,0,0,0,0.0
0,0,0,0,0,0,0,0,0,0,0.0
0,0,0,0,0,0,0,0,0,0,0.0
0,0,0,0,0,0,0,0,0,0,0.0
0,0,0,0,0,0,0,0,0,0,0.0
0,0,0,0,0,0,0,0,0,0,0.0
0,0,0,0,0,0,0,0,0,0,0.0
0,0,0,0,0,0,0,0,0,0,0.0
1,0,0,0,0,0,0,0,0,0,2.0
0,0,0,0,0,0,0,0,0,0,0.0
0,0,0,0,0,0,0,0,0,0,0.0
1,0,0,0,0,0,0,0,0,0,0.0
0,0,0,0,0,0,0,0,0,0,8.0
0,0,0,0,0,0,0,0,0,0,0.0
0,1,0,0,0,0,0,0,0,0,1.0
0,0,0,0,0,0,0,0,0,0,0.0
0,0,0,0,0,0,0,0,0,0,1.0
0,0,0,0,0,0,0,0,0,0,0.0
0,0,0,0,0,0,0,0,0,0,0.0
0,0,0,0,0,0,0,0,0,0,0.0
0,0,0,0,0,0,0,0,0,0,0.0
0,0,0,0,0,0,0,0,0,1,1.0
0,0,0,0,0,0,0,0,0,0,0.0
0,0,0,0,0,0,0,0,0,0,0.0
0,0,0,0,0,0,0,0,0,0,0.0
0,0,0,0,1,0,0,0,0,0,0.0
0,0,0,0,0,0,0,0,0,0,0.0
0,0,0,0,0,0,0,0,0,0,0.0
0,0,0,0,0,0,0,0,0,0,53.0
0,0,0,0,0,0,0,0,0,0,0.0
0,0,0,0,0,0,0,0,0,0,4.0
0,0,0,0,0,0,0,0,1,0,0.0
0,0,0,0,0,0,0,0,0,0,0.0
0,0,0,0,0,0,0,0,0,0,0.0
0,0,0,0,0,0,0,0,0,0,0.0
0,0,0,0,0,0,0,0,0,0,0.0
0,0,0,0,0,0,0,0,0,0,0.0
0,0,0,0,0,0,1,0,0,0,4.0
0,0,0,0,0,0,0,0,1,0,0.0
0,0,0,0,0,0,0,0,0,0,14.0
0,0,0,1,0,1,0,0,0,0,0.0
0,0,0,1,0,1,0,0,0,0,0.0
0,0,0,1,0,1,0,0,0,0,0.0
0,0,0,0,0,0,0,0,1,0,1.0
1,1,1,0,0,0,0,0,0,0,0.0
1,0,0,1,0,1,0,0,0,0,3.0
0,0,0,0,0,0,0,0,0,0,1.0
0,0,0,0,0,0,0,0,0,0,4.0
0,0,0,0,0,0,0,0,0,0,5.0
0,0,0,0,0,0,0,0,0,0,0.0
1,0,0,0,0,0,0,0,0,0,0.0
1,0,0,0,0,0,0,0,0,0,0.0
1,0,0,0,0,0,0,0,0,0,0.0
0,0,0,0,0,0,0,0,0,0,2.0
0,0,0,0,0,0,0,0,0,0,0.0
0,0,0,0,0,0,0,0,0,0,0.0
0,0,0,0,0,0,0,0,0,0,0.0
0,0,0,0,0,0,1,0,0,0,1.0
0,0,0,0,0,0,0,1,0,0,0.0
1,0,0,0,0,0,0,0,0,0,0.0
0,1,0,0,0,0,0,0,0,0,0.0
0,0,0,0,0,0,0,0,0,0,3.0
0,0,0,0,0,0,0,0,0,0,10.0
0,0,0,0,0,0,0,0,0,0,66.0
0,0,0,0,0,0,0,0,0,0,0.0
0,0,0,0,0,0,0,0,0,0,0.0
1,0,0,0,0,0,0,0,0,0,0.0
1,0,0,0,0,0,0,0,0,0,0.0
1,0,0,0,0,0,0,0,0,0,0.0
0,0,0,0,0,0,0,0,0,0,0.0
0,0,0,0,0,0,0,0,0,0,0.0
0,0,0,0,0,0,0,0,0,0,0.0
0,0,0,0,0,0,0,0,0,0,4.0
0,0,0,0,0,0,0,0,0,0,0.0
0,0,1,0,0,0,0,0,0,0,0.0
0,0,0,0,0,0,0,0,0,0,26.0
0,0,0,0,0,0,0,0,0,0,3.0
0,0,0,0,0,0,0,0,0,0,3.0
0,0,0,0,0,0,0,0,0,0,0.0
0,0,0,0,0,0,0,0,0,0,0.0
0,0,0,0,0,0,0,0,0,0,0.0
0,0,0,0,0,0,0,0,0,0,4.0
0,0,0,0,0,0,0,0,0,0,0.0
0,0,0,0,1,0,0,0,0,0,0.0
0,0,0,0,0,0,0,0,0,0,0.0
0,0,0,0,0,0,0,0,0,0,0.0
0,0,0,0,0,0,0,0,0,0,0.0
0,0,0,0,0,0,0,0,0,0,0.0
0,0,0,0,0,0,0,0,0,0,0.0
0,0,0,0,0,0,0,0,0,0,0.0
0,0,0,0,0,0,0,0,1,0,0.0
0,0,0,0,0,0,0,0,0,0,0.0
0,0,1,0,0,0,0,0,0,0,0.0
0,0,0,0,0,0,0,0,0,0,0.0
0,0,0,0,0,0,0,0,0,0,0.0
0,0,0,0,0,0,0,0,0,0,0.0
0,0,0,0,0,0,0,0,0,0,0.0
0,0,0,0,0,0,0,0,0,0,0.0
0,0,0,0,0,0,0,0,0,0,0.0
0,0,0,0,0,0,0,0,0,0,0.0
0,0,0,0,0,0,0,0,0,0,0.0
0,0,0,0,0,0,0,0,1,0,0.0
0,0,0,0,0,0,0,0,0,0,0.0
0,0,0,0,0,0,0,0,0,0,0.0
0,0,0,0,0,0,0,0,0,0,21.0
0,0,0,0,0,0,0,0,0,0,1.0
0,0,0,0,0,0,0,0,0,0,0.0
0,0,0,0,0,0,0,0,0,0,0.0
0,0,0,0,0,0,0,0,0,0,0.0
0,0,0,0,0,0,0,0,0,0,0.0
0,0,0,0,0,0,0,0,0,0,0.0
0,0,0,0,0,0,0,0,0,0,0.0
0,0,0,0,0,0,0,0,0,0,0.0
0,0,0,0,0,0,0,0,0,0,0.0
0,0,0,0,0,0,0,0,0,0,0.0
0,0,0,0,0,0,0,0,0,0,6.0
0,0,0,0,0,0,0,0,0,0,0.0
0,0,0,0,0,0,0,0,0,0,0.0
1,0,0,0,0,0,0,0,0,1,1.0
1,0,0,0,0,0,0,0,0,1,0.0
1,0,0,0,0,0,0,0,0,1,1.0
0,0,0,0,0,0,0,0,0,0,0.0
0,0,0,0,0,0,0,0,0,0,2.0
0,0,0,0,0,0,0,0,0,0,0.0
0,1,1,0,0,0,0,0,0,0,0.0
0,1,1,0,0,0,0,0,0,0,0.0
0,0,0,0,0,0,0,0,0,0,0.0
0,0,0,0,0,0,0,0,0,0,0.0
0,0,0,0,0,0,0,0,0,0,1.0
0,0,0,0,0,0,0,0,0,0,0.0
0,0,0,0,0,0,0,0,0,0,0.0
0,0,0,0,0,0,0,0,0,0,0.0
0,0,0,0,0,0,0,0,0,0,0.0
0,0,0,0,0,0,0,0,0,0,0.0
1,0,0,1,0,0,0,0,0,0,0.0
0,0,1,0,0,0,0,0,0,0,0.0
0,0,1,0,0,0,0,0,0,0,0.0
0,0,0,0,0,0,0,0,0,0,1.0
0,0,0,0,0,1,0,0,0,0,0.0
0,0,0,0,0,0,0,0,0,0,0.0
0,1,0,0,0,0,0,0,0,0,2.0
1,0,0,0,0,0,0,0,0,1,1.0
1,0,0,0,0,0,0,0,0,1,1.0
0,0,0,0,0,0,0,0,1,0,0.0
0,0,0,0,0,0,0,0,0,0,1.0
0,0,1,0,0,0,0,0,0,0,0.0
0,0,0,0,0,0,0,0,0,0,4.0
0,0,0,0,0,0,0,0,0,0,3.0
0,0,0,0,0,0,0,0,0,0,0.0
0,0,0,0,0,0,0,0,1,0,1.0
0,0,0,0,0,0,0,1,0,0,0.0
0,0,0,0,0,0,0,0,0,0,0.0
0,0,0,0,0,0,0,0,0,0,2.0
0,0,0,0,0,0,0,0,0,0,0.0
0,0,0,1,0,1,0,0,0,0,0.0
0,0,0,0,0,0,0,0,0,0,25.0
0,0,0,0,0,0,0,0,0,0,4.0
0,0,0,0,0,0,0,0,0,0,0.0
0,0,0,0,0,0,0,0,0,0,0.0
1,0,0,0,0,0,0,0,0,0,0.0
1,0,0,0,0,0,0,0,0,0,3.0
0,0,0,0,0,0,0,0,0,0,13.0
0,0,0,0,0,0,0,0,0,0,0.0
0,1,0,0,0,0,0,0,0,0,0.0
0,0,0,0,0,0,0,0,0,0,2.0
0,0,0,0,0,0,0,0,0,0,7.0
0,0,0,0,0,0,0,0,0,0,2.0
0,0,0,0,0,0,0,0,0,0,0.0
0,0,0,0,0,0,0,0,0,0,0.0
0,0,0,0,0,0,0,0,0,0,1.0
0,0,0,0,0,0,0,0,0,0,0.0
0,0,0,0,0,0,0,0,0,0,0.0
0,0,0,0,0,0,0,0,0,0,249.0
0,0,0,0,0,0,0,0,0,0,467.0
0,0,0,0,0,0,0,0,0,0,0.0
0,0,0,0,0,0,0,0,0,0,23.0
0,0,0,0,0,0,0,1,0,0,0.0
0,0,0,0,0,0,0,0,0,0,0.0
0,0,0,0,0,0,0,0,0,0,4.0
0,0,0,0,0,0,0,0,0,0,0.0
0,0,0,0,0,0,0,0,0,0,7.0
0,0,0,0,0,0,0,0,0,0,19.0
0,0,0,0,0,0,1,0,0,0,0.0
0,0,0,0,0,0,0,0,0,0,3.0
0,0,0,0,0,0,0,0,0,0,0.0
1,0,0,0,0,0,1,0,0,0,0.0
1,0,0,0,0,0,1,0,0,0,0.0
0,0,0,0,0,1,0,1,0,0,0.0
0,0,0,0,0,0,0,0,0,0,1.0
0,0,0,0,0,0,0,0,0,0,1.0
0,0,0,0,0,0,0,0,0,0,0.0
0,0,0,0,0,0,0,0,0,0,29.0
0,0,0,0,0,0,0,0,0,0,0.0
0,0,0,0,0,0,0,0,0,0,0.0
0,0,0,0,0,0,0,0,0,0,1.0
0,0,0,0,1,0,0,0,0,0,2.0
0,0,0,0,0,0,0,0,0,0,1.0
0,0,0,0,0,0,0,0,0,0,0.0
0,0,0,0,0,0,0,0,0,0,0.0
1,0,0,0,0,0,1,0,0,0,0.0
1,0,0,0,0,0,1,0,0,1,0.0
1,0,0,0,0,0,1,0,0,1,0.0
0,0,0,0,0,0,0,0,0,0,0.0
1,0,0,0,0,0,1,0,0,0,0.0
0,0,0,0,0,0,0,0,0,0,1.0
1,0,0,0,0,0,0,0,0,0,0.0
0,0,0,0,0,0,0,0,0,0,1.0
0,0,0,0,0,0,0,0,0,0,0.0
0,0,0,0,0,0,0,0,0,0,0.0
0,0,0,0,0,0,0,0,0,0,4.0
0,0,0,0,0,0,0,0,0,0,0.0
0,0,0,0,0,0,0,0,0,0,0.0
0,0,0,0,0,0,0,0,0,0,0.0
0,0,0,0,0,0,0,0,0,0,0.0
0,0,0,0,0,0,0,0,0,0,0.0
0,0,0,0,0,0,0,0,0,0,19.0
0,0,0,0,0,0,0,0,0,0,8.0
0,0,0,0,0,0,0,0,0,0,3.0
0,0,0,0,0,0,0,0,0,0,2.0
0,0,0,0,0,0,0,0,0,0,3.0
0,0,1,0,0,0,1,0,0,0,174.0
0,0,0,0,0,0,0,0,0,0,0.0
0,0,0,0,0,0,0,0,0,0,0.0
0,0,0,0,0,0,0,0,0,0,0.0
0,0,0,0,1,0,0,0,0,0,106.0
0,0,0,0,0,0,0,0,0,0,1.0
0,0,0,0,0,0,0,0,0,0,0.0
0,0,0,0,0,0,0,0,0,0,7.0
0,0,1,0,0,0,0,0,0,0,61.0
0,0,1,0,0,0,0,0,0,0,201.0
0,0,0,0,0,0,0,0,0,0,0.0
0,1,0,0,0,0,0,0,0,0,0.0
0,0,0,1,0,1,0,0,0,0,761.0
0,0,0,1,0,1,0,0,0,0,267.0
0,0,0,1,0,1,0,0,0,0,550.0
0,0,0,1,0,1,0,0,0,0,783.0
0,0,0,0,0,0,0,0,0,0,0.0
0,0,0,0,0,0,0,0,0,0,0.0
0,0,0,0,0,0,0,0,0,0,0.0
0,0,0,0,0,0,0,0,0,0,0.0
0,0,1,0,0,0,0,0,0,0,1068.0
0,0,0,0,0,0,0,0,0,0,0.0
0,0,0,0,0,0,0,0,0,0,0.0
0,0,0,0,0,0,0,0,0,0,1.0
0,0,0,0,0,0,0,0,0,0,13.0
0,0,0,0,0,0,0,0,0,0,0.0
0,0,1,0,0,0,1,0,0,0,152.0
0,0,0,0,0,0,0,0,0,0,0.0
0,0,0,0,0,0,0,0,0,0,0.0
0,0,0,0,0,0,0,0,0,0,0.0
0,0,0,0,0,0,0,0,0,0,0.0
0,0,0,0,0,0,0,0,0,0,0.0
0,0,0,0,0,0,0,0,0,0,0.0
0,0,0,0,0,0,0,0,0,0,8.0
0,0,0,0,0,0,0,0,0,0,0.0
0,0,0,0,0,0,0,0,0,0,6.0
0,0,0,0,0,0,0,0,0,0,0.0
0,0,0,0,0,0,0,0,0,0,0.0
0,0,0,0,0,0,0,0,0,0,0.0
0,0,0,0,0,0,0,0,0,0,0.0
0,0,0,0,0,0,0,0,0,0,1.0
0,0,0,0,0,0,0,0,0,0,0.0
0,0,0,0,1,0,0,0,0,0,6.0
0,0,0,0,0,0,0,0,0,0,11.0
0,0,0,0,0,0,0,0,0,0,0.0
0,0,0,0,0,0,0,0,0,0,0.0
0,0,0,0,0,0,0,0,0,0,0.0
0,0,0,0,0,0,0,0,0,0,0.0
0,0,0,0,1,0,0,0,0,0,0.0
0,0,0,0,0,0,0,0,0,0,2.0
0,0,0,0,0,0,0,0,0,0,0.0
1,0,0,0,0,0,0,0,0,0,1.0
0,0,1,0,0,0,0,0,0,0,0.0
0,0,1,0,0,0,0,0,0,0,0.0
0,0,1,0,0,0,0,0,0,0,0.0
0,0,1,0,0,0,0,0,0,0,0.0
0,0,1,0,0,0,0,0,0,0,0.0
0,0,0,0,1,0,0,0,0,0,0.0
0,0,0,0,0,0,0,0,1,0,0.0
0,0,0,0,0,0,0,0,1,0,0.0
0,0,0,0,0,0,0,0,0,0,0.0
0,0,0,0,0,0,0,0,0,0,0.0
0,0,0,0,0,0,0,0,0,0,0.0
0,0,0,0,0,0,0,0,0,0,1.0
0,0,0,0,0,0,0,0,0,0,12.0
0,0,0,0,0,0,0,0,0,0,5.0
0,0,0,0,0,0,0,0,0,0,8.0
0,0,0,0,0,0,0,0,0,0,0.0
0,0,0,0,0,0,0,1,0,0,0.0
0,0,0,0,0,0,0,1,0,0,0.0
0,0,0,0,0,0,0,1,0,0,0.0
0,0,0,0,0,0,0,0,0,0,0.0
0,0,0,0,0,0,0,0,0,0,11.0
0,0,0,0,0,0,0,0,0,0,0.0
0,0,0,0,0,0,0,0,0,0,0.0
0,0,0,0,0,0,0,0,0,0,0.0
0,0,1,0,0,0,0,0,0,0,669.0
0,0,1,0,0,0,0,0,0,0,399.0
0,0,1,0,0,0,0,0,0,0,802.0
0,0,1,0,0,0,0,0,0,0,1468.0
0,0,0,0,0,0,0,0,0,0,0.0
0,0,0,0,0,0,0,0,0,0,0.0
0,0,0,0,0,0,0,0,0,0,0.0
0,0,0,0,0,0,0,0,0,0,0.0
0,0,0,0,0,0,0,0,0,0,0.0
0,0,0,0,0,0,0,0,0,0,0.0
0,0,0,0,0,0,0,0,0,0,0.0
0,1,0,0,0,0,0,0,0,0,0.0
0,0,0,0,0,1,0,0,0,0,255.0
0,0,0,0,0,0,0,0,0,0,0.0
0,0,0,0,0,0,0,0,0,0,0.0
0,0,0,0,0,0,0,0,0,0,141.0
0,0,0,1,0,0,0,0,0,0,1.0
0,0,0,0,0,0,0,0,0,0,0.0
0,0,0,0,0,0,0,0,0,0,2.0
0,0,0,0,0,0,0,0,0,0,0.0
0,0,0,0,0,0,0,0,0,0,0.0
0,0,0,0,0,0,0,0,0,0,0.0
0,0,0,0,0,0,0,0,0,0,0.0
0,0,0,0,0,0,0,0,0,0,0.0
0,0,0,0,0,0,0,0,0,0,0.0
0,0,0,0,0,0,0,0,0,0,0.0
0,0,0,0,0,0,0,0,0,0,0.0
0,0,0,0,0,0,0,0,0,0,1.0
0,0,0,0,0,0,0,0,0,0,0.0
0,0,0,0,0,0,0,0,0,0,50.0
0,0,0,0,0,0,0,0,0,0,0.0
0,0,0,0,0,0,0,0,0,0,1.0
1,0,0,0,0,0,0,0,0,0,0.0
0,0,0,0,0,0,0,0,0,0,17.0
0,0,0,0,0,0,0,0,0,0,0.0
0,0,0,0,0,0,0,0,0,0,2.0
0,0,0,0,0,0,0,0,0,0,1.0
0,0,0,0,0,0,0,0,0,0,0.0
0,0,0,0,0,0,0,0,0,0,0.0
0,0,0,0,0,0,0,0,0,0,1.0
0,0,0,0,0,0,0,0,0,0,1.0
0,0,0,0,0,0,0,0,0,0,0.0
0,0,0,0,0,0,0,0,0,0,4.0
0,0,0,0,0,0,0,0,0,0,1.0
0,0,0,0,0,0,0,0,0,0,0.0
0,0,0,0,0,0,0,0,0,0,0.0
0,0,0,0,0,0,0,0,0,0,0.0
0,0,0,0,0,0,0,0,0,0,0.0
0,0,0,0,0,0,0,0,0,0,0.0
0,0,0,0,0,0,0,0,0,0,1.0
0,0,0,0,1,0,0,0,0,0,0.0
0,0,0,0,0,0,0,0,0,0,0.0
0,0,0,0,0,1,0,0,0,0,0.0
0,0,0,0,0,0,0,0,0,0,0.0
0,0,1,0,0,0,0,0,0,0,0.0
0,0,0,0,0,0,0,1,0,0,0.0
0,0,0,0,0,0,0,1,0,0,0.0
0,0,0,0,0,0,0,0,0,0,0.0
0,0,0,0,0,0,0,0,0,0,0.0
0,0,0,0,0,0,0,0,0,0,0.0
0,0,0,0,0,0,0,0,0,0,3.0
0,0,0,0,0,0,0,0,0,0,0.0
0,0,0,0,0,0,0,0,0,0,421.0
0,0,0,0,0,0,0,0,0,0,347.0
0,0,0,0,0,0,0,0,0,0,0.0
0,0,0,0,0,0,0,0,0,0,0.0
0,0,0,0,1,0,0,0,0,0,0.0
1,0,0,0,0,0,0,0,0,0,0.0
0,0,0,0,0,0,0,0,0,0,1.0
0,0,0,0,0,0,0,0,0,0,0.0
0,0,0,0,0,0,0,0,0,0,0.0
0,0,0,0,0,0,0,0,0,0,0.0
0,0,0,0,0,0,0,0,0,0,0.0
0,0,0,0,0,0,0,0,0,0,0.0
0,0,0,0,0,0,0,0,0,0,0.0
0,0,0,0,0,0,0,0,0,0,0.0
0,0,0,0,0,0,0,0,0,1,1.0
0,0,0,0,0,0,0,0,0,0,1.0
0,0,0,0,0,0,0,0,0,0,0.0
0,0,0,0,0,0,0,0,0,0,0.0
1,0,0,0,0,0,0,0,0,0,0.0
0,0,0,0,0,0,0,0,0,0,0.0
0,0,0,0,0,0,0,0,0,0,0.0
0,0,0,0,0,0,0,0,0,0,5.0
0,0,0,0,0,0,0,0,0,0,0.0
0,0,0,0,0,0,0,0,0,0,523.0
0,0,0,0,0,0,0,0,0,0,5.0
0,0,0,0,0,0,0,0,0,0,0.0
0,1,0,0,0,0,0,0,0,0,8.0
0,0,0,0,0,0,0,0,0,0,0.0
0,0,0,0,0,0,0,0,0,0,0.0
0,0,0,0,0,0,0,0,0,0,0.0
0,0,0,0,0,0,0,0,0,0,0.0
0,0,0,0,0,0,0,0,0,0,0.0
0,0,0,0,0,0,0,0,0,0,0.0
0,0,0,0,0,0,0,0,0,0,0.0
0,0,0,0,0,0,0,0,0,0,0.0
0,0,0,0,0,0,0,0,0,0,0.0
0,0,0,0,0,0,0,0,0,0,0.0
0,0,0,0,0,0,0,0,0,1,1.0
0,0,0,0,0,0,0,0,0,0,0.0
0,0,0,0,0,0,0,0,0,0,0.0
0,0,0,0,0,0,0,0,0,0,0.0
0,0,1,0,0,0,0,0,0,0,0.0
0,0,0,0,0,0,0,0,0,0,0.0
1,0,0,1,0,0,0,0,0,0,0.0
0,0,0,0,0,0,0,0,0,0,0.0
0,0,0,0,0,0,0,0,0,0,0.0
0,0,0,0,0,0,0,0,0,0,0.0
0,0,0,0,0,0,0,0,0,0,0.0
0,0,0,0,1,0,0,0,0,0,1.0
0,0,0,0,0,0,0,0,0,0,1.0
0,0,0,0,0,0,0,0,0,0,0.0
1,0,0,0,0,0,0,0,0,0,0.0
0,0,0,0,0,0,0,0,0,0,0.0
0,0,0,0,0,0,0,0,0,0,0.0
0,0,0,0,0,0,0,0,0,0,1.0
0,0,0,0,0,0,0,0,0,0,2.0
0,0,0,0,0,0,0,0,0,0,0.0
0,0,0,0,0,0,0,0,0,0,0.0
0,0,0,0,0,0,0,0,0,0,0.0
0,0,0,0,0,0,0,0,0,0,0.0
0,0,0,0,0,0,0,0,0,0,0.0
0,0,0,0,0,0,0,0,0,0,0.0
0,0,0,0,0,0,0,0,0,0,0.0
0,0,0,0,0,0,0,0,0,0,0.0
0,0,0,0,0,0,0,0,0,0,0.0
0,0,0,0,0,0,0,0,0,0,0.0
0,0,0,0,0,0,0,0,0,0,0.0
0,0,0,0,0,0,0,0,0,0,0.0
0,0,0,0,0,0,0,0,0,0,1.0
0,0,0,0,0,0,0,0,0,0,1.0
0,0,0,0,0,0,0,0,1,0,0.0
0,0,0,0,0,0,0,0,1,0,0.0
0,1,0,0,0,0,0,0,0,0,3.0
1,0,0,0,0,0,0,0,0,0,1.0
0,0,0,0,0,0,0,0,0,0,0.0
0,0,0,0,0,0,0,0,0,0,3.0
0,0,0,0,0,0,1,0,1,0,0.0
0,0,0,0,0,0,1,0,1,0,0.0
0,0,0,0,0,0,1,0,1,0,0.0
0,0,0,0,0,0,0,0,0,0,0.0
0,0,0,0,0,0,0,0,0,0,0.0
0,0,1,0,0,0,0,0,0,0,0.0
0,0,0,0,0,0,0,1,0,0,0.0
0,0,0,0,0,0,0,0,0,0,0.0
0,0,0,0,0,0,0,0,0,0,0.0
0,0,0,0,0,0,0,0,0,1,0.0
1,0,0,0,0,0,0,0,0,0,0.0
0,0,0,0,0,0,0,0,0,0,0.0
0,0,0,0,0,0,0,0,1,0,3.0
0,0,0,0,1,0,0,0,0,0,4.0
0,0,0,0,0,0,0,0,0,0,0.0
0,0,0,0,0,0,0,0,0,0,1.0
0,0,0,0,0,0,0,0,0,0,1.0
0,0,0,0,0,0,0,1,0,0,0.0
0,0,0,0,0,0,0,0,0,0,0.0
0,0,1,0,0,0,0,0,0,0,0.0
0,0,0,0,0,0,0,0,0,0,0.0
0,0,0,0,0,0,0,0,0,0,0.0
0,0,0,0,0,0,0,0,0,0,0.0
0,0,1,0,0,0,0,0,0,0,0.0
0,1,0,1,0,0,0,0,0,0,1.0
0,0,0,0,0,0,0,0,0,0,0.0
0,0,0,0,0,0,0,0,0,0,0.0
0,0,0,0,0,0,0,0,0,0,0.0
0,0,0,0,0,0,0,0,0,0,35.0
0,0,0,0,0,0,0,0,0,0,0.0
0,0,0,0,0,0,0,0,0,0,0.0
0,1,0,0,0,0,0,0,0,0,0.0
0,0,0,0,0,0,0,0,0,0,1.0
0,0,0,0,0,0,0,0,0,0,0.0
0,0,0,0,0,0,0,0,0,0,0.0
0,0,0,0,0,0,0,0,0,0,0.0
0,0,0,0,0,0,0,0,0,0,0.0
0,0,0,0,0,0,0,0,0,0,0.0
0,0,0,0,0,0,0,0,0,0,0.0
0,0,0,0,0,0,0,0,0,0,8.0
0,0,0,0,0,0,0,0,0,0,36.0
0,0,0,0,0,0,0,0,0,0,0.0
0,0,0,0,0,0,0,0,0,0,0.0
0,0,0,0,0,0,0,0,0,0,1.0
0,0,0,0,0,0,0,0,0,0,6.0
0,0,0,0,0,0,0,0,0,0,0.0
0,0,0,0,0,1,0,0,0,0,0.0
0,0,0,0,0,0,0,1,0,0,0.0
0,0,0,0,0,0,0,0,0,0,0.0
0,0,0,0,0,0,0,0,0,0,0.0
0,0,0,0,0,0,0,0,0,0,0.0
0,0,0,0,0,0,0,0,0,0,0.0
0,0,0,0,0,0,0,1,0,0,0.0
0,0,0,0,0,0,0,1,0,0,0.0
0,0,0,0,0,0,0,0,0,0,1.0
0,0,0,0,0,0,0,0,0,0,0.0
0,1,0,0,0,0,0,0,0,0,0.0
